Date,Close,Open,High,Low,Vol.
15/04/2018,8363.60,8004.60,8411.50,8004.60,160.26K
16/04/2018,8070.00,8362.20,8412.90,7908.50,197.70K
17/04/2018,7908.60,8070.00,8171.70,7852.80,162.59K
18/04/2018,8178.40,7908.50,8227.60,7895.30,163.26K
19/04/2018,8290.80,8179.00,8303.70,8126.70,155.08K
20/04/2018,8867.00,8292.30,8926.20,8224.50,225.96K
21/04/2018,8923.10,8867.00,9027.70,8614.50,206.01K
22/04/2018,8806.70,8923.60,9022.30,8766.50,161.89K
23/04/2018,8952.80,8809.30,9001.00,8785.30,147.54K
24/04/2018,9645.30,8952.70,9734.80,8937.00,260.79K
25/04/2018,8873.10,9645.00,9753.10,8768.10,395.67K
26/04/2018,9287.00,8874.50,9303.60,8669.80,248.39K
27/04/2018,8940.90,9282.80,9386.30,8920.20,184.91K
28/04/2018,9352.40,8940.80,9428.90,8895.50,199.78K
29/04/2018,9415.10,9352.20,9565.10,9182.80,184.72K
30/04/2018,9245.10,9415.80,9456.70,9135.40,156.83K
01/05/2018,9074.90,9245.10,9245.10,8851.00,173.35K
02/05/2018,9243.20,9076.80,9265.70,8991.90,137.48K
03/05/2018,9749.70,9244.20,9809.40,9171.40,201.18K
04/05/2018,9708.60,9747.60,9800.90,9549.00,161.55K
05/05/2018,9853.50,9709.50,9992.80,9691.30,158.45K
06/05/2018,9656.40,9859.60,9957.70,9446.70,150.95K
07/05/2018,9431.60,9651.10,9675.60,9204.20,165.08K
08/05/2018,9196.40,9373.90,9404.40,9079.80,157.45K
09/05/2018,9319.10,9194.90,9377.90,8988.00,147.89K
10/05/2018,9025.70,9319.20,9393.30,9013.40,152.71K
11/05/2018,8408.30,9026.00,9028.70,8359.60,270.62K
12/05/2018,8459.50,8409.60,8646.10,8184.10,210.87K
13/05/2018,8693.50,8489.10,8758.40,8330.00,149.80K
14/05/2018,8674.10,8693.40,8878.30,8305.10,212.05K
15/05/2018,8477.00,8674.00,8842.10,8436.50,179.62K
16/05/2018,8344.40,8477.00,8496.40,8120.10,188.03K
17/05/2018,8063.00,8344.60,8458.70,8022.30,154.36K
18/05/2018,8245.70,8064.40,8273.60,7939.80,150.32K
19/05/2018,8245.10,8244.70,8389.10,8153.20,107.89K
20/05/2018,8529.00,8243.90,8580.40,8184.70,113.76K
21/05/2018,8403.30,8529.50,8550.60,8375.50,115.52K
22/05/2018,8006.00,8403.80,8414.50,7979.30,137.51K
23/05/2018,7512.30,8005.70,8047.40,7467.60,237.60K
24/05/2018,7592.90,7512.30,7736.60,7293.40,211.11K
25/05/2018,7477.70,7593.90,7653.40,7355.60,161.82K
26/05/2018,7361.30,7478.50,7619.30,7331.50,103.07K
27/05/2018,7366.70,7361.90,7411.80,7267.50,103.29K
28/05/2018,7119.30,7367.30,7446.90,7090.60,152.29K
29/05/2018,7467.70,7119.30,7533.00,7069.80,186.97K
30/05/2018,7400.10,7469.20,7565.20,7306.80,140.37K
31/05/2018,7502.60,7400.80,7611.90,7355.00,144.52K
01/06/2018,7530.80,7502.50,7610.40,7375.80,135.92K
02/06/2018,7646.60,7530.80,7694.50,7467.90,121.18K
03/06/2018,7729.30,7646.60,7775.00,7611.30,116.68K
04/06/2018,7504.30,7729.30,7759.90,7468.40,141.01K
05/06/2018,7631.50,7507.40,7672.60,7391.00,145.23K
06/06/2018,7661.00,7631.50,7699.10,7504.40,130.66K
07/06/2018,7697.80,7661.00,7754.70,7657.70,124.00K
08/06/2018,7622.10,7697.90,7710.50,7556.90,112.88K
09/06/2018,7515.80,7622.10,7689.00,7493.30,97.56K
10/06/2018,6775.10,7515.80,7516.30,6668.10,275.69K
11/06/2018,6885.90,6775.20,6910.80,6657.20,174.88K
12/06/2018,6558.20,6885.90,6887.20,6476.00,178.26K
13/06/2018,6312.30,6558.50,6624.60,6129.10,237.48K
14/06/2018,6647.10,6312.30,6711.50,6283.60,201.54K
15/06/2018,6410.30,6647.30,6655.80,6395.70,143.53K
16/06/2018,6505.80,6410.00,6564.20,6358.00,108.79K
17/06/2018,6460.30,6505.80,6593.00,6452.10,90.67K
18/06/2018,6719.80,6460.50,6794.50,6410.90,135.70K
19/06/2018,6752.40,6719.80,6839.50,6681.50,120.54K
20/06/2018,6765.40,6752.30,6812.70,6575.10,121.48K
21/06/2018,6728.00,6765.80,6797.50,6695.10,99.29K
22/06/2018,6055.70,6728.20,6739.70,5955.00,278.22K
23/06/2018,6167.30,6055.20,6259.00,6032.80,142.90K
24/06/2018,6154.60,6167.90,6248.30,5785.30,240.60K
25/06/2018,6256.60,6155.10,6331.20,6101.70,210.69K
26/06/2018,6082.10,6256.90,6267.70,6060.00,176.66K
27/06/2018,6154.90,6081.10,6187.30,6025.40,133.42K
28/06/2018,5883.50,6154.90,6178.40,5854.00,156.05K
29/06/2018,6213.30,5883.20,6284.90,5818.50,206.96K
30/06/2018,6398.90,6213.40,6498.50,6204.00,189.33K
01/07/2018,6366.80,6398.50,6445.10,6284.70,128.51K
02/07/2018,6619.50,6349.10,6680.00,6275.00,179.92K
03/07/2018,6513.50,6618.60,6676.60,6513.50,150.19K
04/07/2018,6598.40,6513.80,6774.50,6442.30,143.04K
05/07/2018,6546.50,6598.00,6693.60,6466.10,166.18K
06/07/2018,6617.70,6546.50,6638.20,6458.30,132.69K
07/07/2018,6765.50,6617.70,6805.90,6531.10,114.57K
08/07/2018,6714.80,6765.40,6784.00,6694.30,267.60K
09/07/2018,6667.10,6715.10,6793.80,6637.70,289.48K
10/07/2018,6307.20,6668.40,6686.80,6291.50,315.27K
11/07/2018,6389.10,6307.20,6409.70,6296.60,243.82K
12/07/2018,6250.60,6389.10,6389.40,6088.80,289.24K
13/07/2018,6230.20,6250.80,6333.80,6144.50,233.22K
14/07/2018,6254.80,6229.50,6313.50,6192.50,243.71K
15/07/2018,6362.90,6254.80,6399.60,6238.50,180.67K
16/07/2018,6729.90,6362.80,6749.20,6344.10,312.12K
17/07/2018,7322.00,6729.80,7453.20,6666.00,337.75K
18/07/2018,7383.60,7321.60,7581.20,7249.30,333.32K
19/07/2018,7477.50,7383.90,7558.40,7288.80,247.25K
20/07/2018,7339.40,7477.60,7683.60,7292.00,258.85K
21/07/2018,7408.70,7339.30,7460.80,7223.50,160.77K
22/07/2018,7412.30,7409.00,7575.30,7343.70,204.16K
23/07/2018,7723.00,7412.40,7809.60,7379.20,272.15K
24/07/2018,8407.00,7723.10,8479.80,7701.90,345.32K
25/07/2018,8173.70,8404.90,8484.60,8062.10,269.23K
26/07/2018,7937.00,8173.90,8304.30,7861.00,235.45K
27/07/2018,8187.40,7936.90,8273.80,7808.30,243.22K
28/07/2018,8234.10,8186.80,8234.10,8077.40,147.14K
29/07/2018,8215.60,8231.50,8275.40,8113.30,155.24K
30/07/2018,8177.10,8214.70,8262.00,7874.40,242.21K
31/07/2018,7729.40,8176.40,8176.50,7649.80,266.94K
01/08/2018,7606.40,7728.50,7753.20,7449.20,237.69K
02/08/2018,7535.60,7606.40,7701.40,7470.60,216.34K
03/08/2018,7419.00,7535.60,7535.60,7293.50,226.46K
04/08/2018,7014.30,7418.90,7484.20,6949.70,222.57K
05/08/2018,7027.10,7014.00,7087.60,6887.90,177.64K
06/08/2018,6943.60,7027.80,7143.60,6852.50,168.87K
07/08/2018,6724.90,6943.60,7149.70,6689.90,232.48K
08/08/2018,6283.60,6725.20,6725.20,6138.80,311.54K
09/08/2018,6538.80,6283.70,6620.20,6197.00,237.66K
10/08/2018,6152.30,6539.50,6570.20,6043.40,298.82K
11/08/2018,6231.60,6152.80,6469.60,6009.80,247.34K
12/08/2018,6313.00,6232.10,6453.00,6169.80,216.33K
13/08/2018,6255.30,6313.00,6524.10,6159.60,234.09K
14/08/2018,6190.20,6255.30,6255.30,5898.30,3.66M
15/08/2018,6256.90,6190.20,6592.80,6177.90,3.74M
16/08/2018,6306.70,6256.90,6470.90,6249.80,3.50M
17/08/2018,6581.70,6306.70,6581.70,6291.80,3.20M
18/08/2018,6379.10,6581.80,6626.40,6295.50,3.15M
19/08/2018,6481.50,6379.10,6534.80,6316.00,2.71M
20/08/2018,6268.10,6474.20,6516.40,6255.90,3.10M
21/08/2018,6482.20,6268.10,6484.10,6257.40,1.46M
22/08/2018,6359.60,6482.20,6840.80,6304.80,3.63M
23/08/2018,6521.20,6359.90,6550.20,6359.20,2.76M
24/08/2018,6680.40,6521.20,6721.20,6472.80,3.70M
25/08/2018,6734.80,6680.60,6783.40,6655.30,3.59M
26/08/2018,6712.70,6734.90,6892.70,6573.10,3.37M
27/08/2018,6897.60,6712.70,6902.90,6650.40,3.26M
28/08/2018,7074.60,6897.60,7129.70,6861.20,3.79M
29/08/2018,7029.10,7074.60,7121.40,6926.70,4.11M
30/08/2018,6993.70,7029.20,7050.20,6798.00,3.74M
31/08/2018,7033.80,6993.70,7080.20,6698.00,4.21M
01/09/2018,7189.60,7032.40,7264.30,7020.40,3.52M
02/09/2018,7293.90,7189.60,7334.80,7117.30,3.90M
03/09/2018,7264.20,7289.80,7330.70,7182.80,3.87M
04/09/2018,7377.50,7264.20,7409.90,7234.50,3.92M
05/09/2018,6706.80,7377.50,7407.50,6691.80,4.55M
06/09/2018,6514.00,6706.80,6732.90,6337.80,4.02M
07/09/2018,6390.90,6514.10,6540.60,6316.20,3.30M
08/09/2018,6184.30,6390.90,6484.30,6132.30,3.46M
09/09/2018,6238.50,6184.30,6432.60,6148.80,2.84M
10/09/2018,6321.00,6238.50,6358.50,6237.30,3.11M
11/09/2018,6293.90,6320.70,6391.80,6189.60,3.30M
12/09/2018,6338.00,6293.90,6353.50,6204.50,3.04M
13/09/2018,6482.90,6338.00,6867.30,6337.80,3.53M
14/09/2018,6483.70,6482.90,6579.40,6412.10,3.20M
15/09/2018,6519.00,6482.60,6562.90,6470.30,3.16M
16/09/2018,6500.20,6519.00,6520.80,6406.20,3.34M
17/09/2018,6251.90,6500.20,6533.50,6215.90,3.26M
18/09/2018,6342.00,6251.90,6388.80,6228.80,2.82M
19/09/2018,6390.40,6342.00,6478.70,6144.50,3.54M
20/09/2018,6489.20,6390.40,6537.50,6346.40,5.18M
21/09/2018,6766.70,6490.90,6780.50,6489.80,7.73M
22/09/2018,6729.60,6766.70,6833.30,6635.50,7.31M
23/09/2018,6704.10,6729.60,6789.40,6666.40,7.34M
24/09/2018,6584.10,6713.30,6728.10,6559.10,7.57M
25/09/2018,6445.10,6590.60,6590.60,5977.00,7.34M
26/09/2018,6468.10,6443.00,6551.90,6384.10,8.64M
27/09/2018,6689.20,6463.70,6738.30,6428.80,9.34M
28/09/2018,6636.00,6685.70,6809.20,6538.60,9.57M
29/09/2018,6603.90,6633.90,6648.40,6464.40,9.42M
30/09/2018,6635.20,6603.90,6673.90,6533.50,9.34M
01/10/2018,6608.20,6635.20,6674.70,6072.70,9.19M
02/10/2018,6549.90,6608.20,6645.70,6034.90,9.34M
03/10/2018,6507.80,6549.90,6563.50,6429.60,9.21M
04/10/2018,6584.20,6509.20,6653.00,6487.80,9.31M
05/10/2018,6639.10,6584.20,6682.30,6537.60,9.34M
06/10/2018,6596.30,6639.10,6661.50,6550.40,9.18M
07/10/2018,6611.00,6596.30,6633.90,6523.80,77.06K
08/10/2018,6669.60,6611.00,6699.50,6589.90,119.68K
09/10/2018,6650.80,6669.60,6678.90,6613.30,80.79K
10/10/2018,6618.00,6650.60,6653.50,6526.00,101.93K
11/10/2018,6239.10,6618.00,6622.50,6206.20,245.28K
12/10/2018,6291.30,6239.20,6344.80,6206.80,147.40K
13/10/2018,6321.70,6291.30,6329.30,6282.80,94.45K
14/10/2018,6326.80,6321.60,6390.90,6300.00,99.38K
15/10/2018,6699.80,6326.80,7358.40,6300.20,443.33K
16/10/2018,6705.30,6712.40,6836.70,6645.40,155.85K
17/10/2018,6686.60,6718.90,6745.90,6637.80,136.71K
18/10/2018,6574.10,6690.10,6736.30,6530.60,134.15K
19/10/2018,6512.00,6576.40,6603.20,6506.90,121.44K
20/10/2018,6572.20,6511.70,6593.70,6495.90,97.77K
21/10/2018,6583.00,6575.90,6643.10,6568.00,92.94K
22/10/2018,6555.80,6583.00,6612.70,6529.50,101.57K
23/10/2018,6528.70,6558.60,6573.60,6500.50,108.86K
24/10/2018,6530.70,6531.20,6593.80,6522.60,98.74K
25/10/2018,6507.00,6532.50,6544.80,6491.50,97.43K
26/10/2018,6510.00,6507.00,6570.50,6498.50,97.17K
27/10/2018,6494.20,6510.00,6534.00,6473.70,76.72K
28/10/2018,6486.10,6494.60,6502.20,6461.20,93.97K
29/10/2018,6335.00,6486.10,6498.40,6310.50,160.52K
30/10/2018,6325.70,6336.70,6469.90,6316.50,128.21K
31/10/2018,6365.90,6327.90,6405.70,6257.80,129.06K
01/11/2018,6400.50,6365.90,6421.80,6354.20,124.16K
02/11/2018,6424.70,6400.50,6444.30,6390.90,135.87K
03/11/2018,6386.20,6424.50,6429.50,6346.20,112.84K
04/11/2018,6478.20,6386.20,6508.90,6359.70,128.76K
05/11/2018,6459.70,6478.20,6489.20,6431.70,128.51K
06/11/2018,6502.80,6460.40,6509.60,6441.60,154.87K
07/11/2018,6565.30,6503.10,6594.30,6502.00,170.76K
08/11/2018,6474.00,6565.30,6577.30,6466.30,159.30K
09/11/2018,6412.00,6473.80,6496.10,6390.00,151.60K
10/11/2018,6427.10,6411.90,6461.70,6411.70,115.87K
11/11/2018,6446.10,6427.10,6451.70,6359.00,127.40K
12/11/2018,6435.00,6445.00,6475.90,6409.40,130.16K
13/11/2018,6429.20,6435.00,6466.80,6386.70,137.60K
14/11/2018,5842.40,6428.90,6453.30,5619.20,438.21K
15/11/2018,5718.90,5854.00,5878.50,5384.10,375.86K
16/11/2018,5636.20,5723.50,5747.70,5539.70,224.12K
17/11/2018,5621.80,5636.20,5645.50,5561.40,156.51K
18/11/2018,5658.30,5621.00,5727.90,5615.50,158.68K
19/11/2018,4883.80,5660.40,5662.50,4831.10,478.26K
20/11/2018,4524.60,4883.60,5013.40,4272.30,714.08K
21/11/2018,4638.70,4523.00,4743.70,4393.00,412.74K
22/11/2018,4356.00,4646.40,4695.70,4346.70,261.85K
23/11/2018,4398.00,4360.90,4455.60,4223.70,348.99K
24/11/2018,3920.40,4397.30,4494.60,3821.50,382.72K
25/11/2018,4062.20,3920.30,4198.40,3634.20,619.95K
26/11/2018,3837.00,4061.00,4179.00,3679.80,571.04K
27/11/2018,3866.50,3840.30,3920.60,3687.80,457.27K
28/11/2018,4265.40,3866.40,4391.80,3866.40,533.04K
29/11/2018,4296.50,4265.50,4440.10,4140.60,414.46K
30/11/2018,4039.70,4296.80,4340.60,3954.50,444.52K
01/12/2018,4196.20,4038.70,4299.10,3967.10,316.30K
02/12/2018,4160.40,4196.20,4316.10,4105.30,298.63K
03/12/2018,3897.80,4160.30,4177.00,3839.90,355.10K
04/12/2018,3958.50,3899.90,4082.90,3809.30,326.71K
05/12/2018,3771.60,3958.10,3974.10,3765.20,341.60K
06/12/2018,3508.60,3771.40,3887.20,3505.70,467.54K
07/12/2018,3422.20,3508.90,3626.60,3251.80,639.33K
08/12/2018,3430.40,3422.30,3507.70,3302.90,424.40K
09/12/2018,3567.50,3430.30,3677.60,3424.20,327.93K
10/12/2018,3460.50,3566.90,3622.40,3412.70,394.49K
11/12/2018,3407.70,3460.40,3485.90,3349.90,418.53K
12/12/2018,3466.10,3390.20,3510.20,3379.40,391.17K
13/12/2018,3315.30,3466.20,3474.40,3284.80,435.89K
14/12/2018,3247.80,3315.40,3336.60,3199.10,445.56K
15/12/2018,3228.70,3247.80,3282.30,3177.00,332.95K
16/12/2018,3247.90,3228.60,3305.00,3225.90,335.69K
17/12/2018,3526.10,3248.30,3597.40,3243.10,534.78K
18/12/2018,3668.00,3526.00,3683.10,3456.90,698.53K
19/12/2018,3687.10,3668.10,3924.70,3647.50,792.40K
20/12/2018,4076.00,3687.20,4140.30,3665.80,958.58K
21/12/2018,3850.90,4075.20,4153.10,3786.90,748.76K
22/12/2018,3964.40,3850.90,3977.20,3803.70,554.59K
23/12/2018,3944.40,3964.30,4037.10,3904.60,572.21K
24/12/2018,4026.10,3944.50,4208.20,3941.90,716.29K
25/12/2018,3762.50,4025.60,4030.70,3676.50,670.94K
26/12/2018,3793.70,3762.80,3841.90,3680.30,567.11K
27/12/2018,3586.90,3793.40,3822.60,3560.80,543.44K
28/12/2018,3861.60,3587.10,3900.30,3565.50,565.24K
29/12/2018,3706.80,3861.60,3899.60,3696.00,505.41K
30/12/2018,3815.00,3708.20,3837.70,3682.50,519.17K
31/12/2018,3709.40,3815.10,3819.60,3658.80,545.83K
01/01/2019,3809.40,3709.50,3814.30,3664.40,469.11K
02/01/2019,3873.80,3809.70,3894.80,3768.10,554.47K
03/01/2019,3780.10,3874.10,3875.80,3753.00,450.32K
04/01/2019,3802.70,3780.50,3823.90,3720.00,488.70K
05/01/2019,3785.40,3802.80,3846.70,3769.00,468.45K
06/01/2019,4004.10,3785.70,4034.10,3758.50,529.89K
07/01/2019,3985.90,4004.30,4028.00,3945.50,500.88K
08/01/2019,3971.00,3985.80,4070.50,3943.10,514.08K
09/01/2019,3978.00,3971.00,4014.20,3957.50,473.42K
10/01/2019,3603.70,3978.90,4007.70,3562.10,697.31K
11/01/2019,3616.50,3603.30,3655.70,3563.10,551.64K
12/01/2019,3597.20,3616.60,3633.90,3561.30,435.06K
13/01/2019,3490.20,3597.30,3617.60,3473.20,452.79K
14/01/2019,3638.10,3490.40,3672.00,3490.40,539.93K
15/01/2019,3571.30,3637.50,3660.80,3545.70,544.85K
16/01/2019,3588.00,3570.60,3644.10,3561.40,487.34K
17/01/2019,3626.40,3588.10,3636.70,3554.80,525.10K
18/01/2019,3605.60,3626.30,3627.90,3575.70,488.16K
19/01/2019,3677.80,3605.80,3715.20,3604.10,537.06K
20/01/2019,3542.30,3676.20,3699.10,3503.90,563.31K
21/01/2019,3536.70,3542.70,3561.40,3505.40,394.17K
22/01/2019,3580.10,3536.90,3607.90,3465.20,447.70K
23/01/2019,3561.50,3580.10,3608.30,3532.80,445.87K
24/01/2019,3574.30,3561.40,3587.00,3539.70,428.60K
25/01/2019,3572.00,3574.30,3582.60,3542.20,448.89K
26/01/2019,3570.90,3572.00,3652.50,3556.10,432.55K
27/01/2019,3555.60,3570.90,3583.20,3509.20,464.02K
28/01/2019,3442.80,3555.80,3561.20,3395.70,620.85K
29/01/2019,3414.80,3442.80,3450.10,3368.20,585.46K
30/01/2019,3460.00,3414.60,3479.00,3394.20,600.25K
31/01/2019,3437.20,3460.00,3484.70,3427.00,477.07K
01/02/2019,3467.90,3437.70,3485.70,3415.30,481.58K
02/02/2019,3502.50,3467.90,3514.50,3447.80,443.60K
03/02/2019,3459.10,3502.30,3507.80,3431.30,451.66K
04/02/2019,3462.80,3459.00,3479.70,3437.10,503.92K
05/02/2019,3468.40,3463.00,3485.90,3450.30,460.95K
06/02/2019,3404.30,3468.50,3478.00,3383.90,514.21K
07/02/2019,3397.70,3404.90,3421.80,3390.30,471.36K
08/02/2019,3661.70,3397.30,3721.10,3382.50,699.23K
09/02/2019,3661.40,3661.60,3675.30,3633.20,454.80K
10/02/2019,3679.00,3661.00,3680.60,3617.10,501.90K
11/02/2019,3631.80,3678.80,3681.10,3623.80,517.28K
12/02/2019,3632.00,3631.80,3656.40,3594.40,545.82K
13/02/2019,3611.50,3632.00,3663.50,3599.20,558.02K
14/02/2019,3592.60,3611.50,3624.50,3580.20,498.14K
15/02/2019,3604.70,3592.60,3648.30,3581.40,516.21K
16/02/2019,3616.80,3604.70,3641.90,3599.70,485.63K
17/02/2019,3664.20,3616.80,3689.90,3607.90,580.51K
18/02/2019,3896.00,3664.20,3903.70,3655.10,933.15K
19/02/2019,3914.30,3896.40,3993.80,3863.70,1.44M
20/02/2019,3972.40,3914.30,3983.60,3881.20,698.01K
21/02/2019,3936.60,3972.00,4011.50,3909.20,668.16K
22/02/2019,3965.20,3937.40,3983.10,3931.70,649.55K
23/02/2019,4120.40,3965.20,4152.60,3939.40,727.85K
24/02/2019,3755.20,4120.50,4194.20,3738.70,977.78K
25/02/2019,3833.70,3755.70,3870.70,3753.80,765.87K
26/02/2019,3810.30,3833.50,3845.50,3775.00,2.09M
27/02/2019,3814.60,3810.30,3836.40,3701.90,2.82M
28/02/2019,3816.60,3814.60,3883.70,3783.30,2.31M
01/03/2019,3821.90,3816.70,3855.80,3816.40,1.74M
02/03/2019,3823.10,3821.90,3843.20,3783.60,1.61M
03/03/2019,3809.50,3823.20,3836.60,3789.70,1.51M
04/03/2019,3715.90,3809.70,3828.40,3681.80,2.85M
05/03/2019,3857.20,3715.90,3873.20,3705.70,3.82M
06/03/2019,3863.00,3857.20,3887.30,3816.70,2.52M
07/03/2019,3875.10,3863.10,3907.40,3847.90,2.60M
08/03/2019,3865.90,3875.10,3929.00,3810.70,2.96M
09/03/2019,3944.30,3865.60,3964.00,3859.70,2.48M
10/03/2019,3915.20,3944.40,3944.50,3889.20,1.89M
11/03/2019,3870.30,3915.20,3935.50,3842.40,3.19M
12/03/2019,3886.00,3870.30,3900.10,3817.10,2.90M
13/03/2019,3865.10,3885.90,3894.70,3847.40,2.28M
14/03/2019,3879.00,3865.10,3914.70,3828.40,2.86M
15/03/2019,3924.30,3879.00,3935.70,3874.80,3.11M
16/03/2019,4006.40,3924.40,4050.60,3923.70,3.46M
17/03/2019,3981.50,4006.40,4009.80,3956.30,1.87M
18/03/2019,3990.20,3981.50,4032.30,3958.50,2.62M
19/03/2019,4017.00,3990.20,4029.90,3972.40,2.99M
20/03/2019,4041.20,4017.00,4050.00,3985.30,3.18M
21/03/2019,3982.20,4041.20,4064.00,3923.80,3.88M
22/03/2019,3990.40,3982.20,4005.70,3971.80,2.83M
23/03/2019,4002.50,3990.40,4018.20,3980.80,2.00M
24/03/2019,3994.70,4002.60,4005.70,3967.00,2.04M
25/03/2019,3937.00,3994.80,4000.50,3897.90,2.86M
26/03/2019,3942.80,3937.10,3950.70,3899.90,2.53M
27/03/2019,4041.70,3942.80,4043.30,3936.20,2.78M
28/03/2019,4025.60,4041.70,4041.70,4008.40,2.11M
29/03/2019,4102.20,4025.70,4123.10,4022.60,3.30M
30/03/2019,4111.80,4103.70,4138.10,4057.10,2.55M
31/03/2019,4102.30,4111.80,4121.90,4082.20,2.43M
01/04/2019,4145.10,4102.30,4159.10,4076.80,3.22M
02/04/2019,4859.30,4145.10,4899.60,4143.50,14.77M
03/04/2019,4968.70,4859.30,5278.40,4814.00,13.83M
04/04/2019,4902.40,4968.70,5042.50,4789.20,1.05M
05/04/2019,5010.20,4902.50,5029.40,4888.30,851.72K
06/04/2019,5046.20,5010.00,5198.40,4947.90,952.18K
07/04/2019,5173.60,5046.10,5219.50,5033.70,841.27K
08/04/2019,5245.20,5173.50,5300.60,5060.50,928.23K
09/04/2019,5158.40,5245.00,5245.90,5095.20,784.62K
10/04/2019,5307.80,5158.40,5404.10,5142.90,837.51K
11/04/2019,5022.60,5307.70,5337.00,4948.00,943.49K
12/04/2019,5054.20,5022.70,5080.50,4889.20,779.14K
13/04/2019,5051.80,5054.20,5093.40,5011.60,577.16K
14/04/2019,5134.80,5052.00,5153.50,5010.70,566.38K
15/04/2019,5032.30,5135.10,5168.00,4964.20,688.20K
16/04/2019,5180.90,5031.40,5198.40,5014.40,631.05K
17/04/2019,5208.30,5182.10,5230.90,5165.50,806.52K
18/04/2019,5264.70,5208.30,5293.10,5205.00,727.97K
19/04/2019,5241.00,5264.80,5282.40,5192.10,787.09K
20/04/2019,5290.20,5241.00,5327.00,5240.20,782.32K
21/04/2019,5243.50,5290.20,5308.20,5189.80,811.41K
22/04/2019,5346.70,5248.20,5370.20,5170.20,920.77K
23/04/2019,5511.60,5346.50,5594.40,5291.40,900.00K
24/04/2019,5415.60,5511.20,5589.60,5346.80,994.04K
25/04/2019,5209.10,5415.60,5528.20,5137.40,955.36K
26/04/2019,5298.30,5209.20,5469.30,5159.30,1.03M
27/04/2019,5265.90,5298.20,5318.10,5225.40,833.13K
28/04/2019,5302.30,5265.70,5332.50,5234.40,681.41K
29/04/2019,5235.00,5302.40,5322.90,5188.90,775.82K
30/04/2019,5320.80,5235.40,5336.60,5195.90,697.42K
01/05/2019,5384.20,5321.10,5396.30,5319.50,623.64K
02/05/2019,5493.80,5384.60,5530.80,5370.00,722.23K
03/05/2019,5766.80,5493.60,5844.20,5478.70,1.04M
04/05/2019,5830.90,5768.00,5899.20,5605.00,920.61K
05/05/2019,5774.90,5830.80,5838.20,5708.20,709.02K
06/05/2019,5745.10,5775.10,5801.40,5630.50,755.39K
07/05/2019,5849.50,5745.50,6019.80,5745.50,955.88K
08/05/2019,5990.30,5849.40,6011.30,5799.10,757.13K
09/05/2019,6191.50,5990.50,6206.00,5990.00,799.96K
10/05/2019,6386.00,6194.30,6466.60,6157.80,907.94K
11/05/2019,7190.30,6386.60,7373.80,6386.50,1.31M
12/05/2019,6984.80,7190.00,7518.90,6802.60,1.35M
13/05/2019,7806.00,6984.70,8058.30,6893.10,1.20M
14/05/2019,7994.60,7806.40,8323.90,7674.00,1.33M
15/05/2019,8164.60,7994.80,8225.30,7856.50,1.13M
16/05/2019,7871.80,8164.80,8293.30,7720.40,1.18M
17/05/2019,7359.50,7871.90,7924.00,6998.60,1.43M
18/05/2019,7262.60,7359.90,7458.50,7189.40,865.53K
19/05/2019,8157.20,7261.90,8253.40,7252.30,1.08M
20/05/2019,7965.30,8156.40,8156.40,7604.00,958.81K
21/05/2019,7930.30,7965.00,8056.80,7813.20,804.88K
22/05/2019,7635.70,7928.70,7999.00,7545.90,821.40K
23/05/2019,7852.10,7637.20,7939.10,7486.80,815.14K
24/05/2019,7970.10,7852.80,8124.10,7775.40,868.47K
25/05/2019,8027.40,7971.40,8090.10,7919.10,691.27K
26/05/2019,8630.20,8029.60,8718.60,7866.50,872.12K
27/05/2019,8760.10,8628.90,8902.80,8607.30,907.96K
28/05/2019,8716.30,8759.40,8794.10,8568.80,763.20K
29/05/2019,8647.80,8715.60,8747.20,8435.30,15.43M
30/05/2019,8271.90,8647.80,9045.90,8054.70,1.04M
31/05/2019,8558.30,8271.40,8578.80,8135.00,858.41K
01/06/2019,8545.70,8556.90,8615.80,8454.00,686.75K
02/06/2019,8728.60,8545.80,8807.70,8534.80,614.54K
03/06/2019,8124.80,8728.60,8734.90,8102.70,739.45K
04/06/2019,7685.50,8118.10,8118.10,7494.00,966.95K
05/06/2019,7779.10,7685.60,7885.00,7590.40,762.94K
06/06/2019,7784.90,7779.60,7861.40,7480.40,651.82K
07/06/2019,7985.20,7785.80,8099.40,7749.40,588.87K
08/06/2019,7901.40,7985.30,8044.40,7770.50,485.81K
09/06/2019,7635.00,7901.60,7937.50,7516.90,554.48K
10/06/2019,7987.80,7635.00,8012.80,7523.60,641.38K
11/06/2019,7888.00,7987.80,8010.40,7714.50,579.00K
12/06/2019,8133.10,7888.00,8198.10,7805.80,607.89K
13/06/2019,8219.00,8132.40,8306.10,8028.60,574.21K
14/06/2019,8656.10,8218.60,8685.30,8153.20,643.17K
15/06/2019,8812.50,8655.80,8856.70,8582.30,608.69K
16/06/2019,8962.50,8812.20,9332.00,8771.10,849.77K
17/06/2019,9318.80,8961.00,9438.10,8959.80,738.80K
18/06/2019,9080.60,9318.90,9336.10,8962.70,723.17K
19/06/2019,9255.40,9080.70,9295.10,9044.00,587.57K
20/06/2019,9517.00,9255.00,9583.90,9188.40,693.62K
21/06/2019,10179.30,9517.70,10184.30,9517.40,769.12K
22/06/2019,10721.70,10178.10,11160.50,10031.30,1.09M
23/06/2019,10897.10,10721.50,11361.30,10557.80,683.79K
24/06/2019,11046.40,10897.30,11114.40,10622.60,566.96K
25/06/2019,11809.90,11046.60,11833.90,11033.70,781.09K
26/06/2019,13063.80,11811.60,13929.80,11747.30,1.48M
27/06/2019,11287.80,13062.40,13422.00,10493.50,1.59M
28/06/2019,12409.10,11288.40,12461.80,10970.50,1.09M
29/06/2019,11906.50,12408.00,12422.90,11490.80,834.62K
30/06/2019,10818.60,11906.00,12179.30,10765.40,880.77K
01/07/2019,10616.60,10821.40,11254.50,10041.60,1.04M
02/07/2019,10835.90,10615.50,10923.50,9728.50,1.12M
03/07/2019,11900.80,10835.90,11931.80,10835.90,998.73K
04/07/2019,11163.10,11899.30,11948.00,11087.10,840.34K
05/07/2019,10970.20,11159.70,11381.80,10810.30,772.67K
06/07/2019,11268.00,10969.80,11650.20,10967.90,688.96K
07/07/2019,11415.90,11267.90,11524.60,11108.10,601.93K
08/07/2019,12252.60,11415.80,12332.30,11304.80,695.60K
09/07/2019,12541.50,12250.60,12772.90,12111.20,847.84K
10/07/2019,12110.60,12542.80,13134.40,11594.90,1.11M
11/07/2019,11342.30,12111.60,12111.60,11029.00,943.13K
12/07/2019,11762.10,11343.70,11881.40,11109.80,738.17K
13/07/2019,11364.90,11762.80,11798.40,10839.40,747.71K
14/07/2019,10200.10,11364.30,11448.70,10128.90,840.76K
15/07/2019,10845.90,10199.90,11064.70,9885.40,956.52K
16/07/2019,9424.80,10844.00,11019.50,9375.30,1.05M
17/07/2019,9723.20,9425.10,9983.60,9082.60,1.03M
18/07/2019,10651.40,9723.10,10787.10,9390.00,974.49K
19/07/2019,10571.50,10651.60,10758.40,10160.70,727.79K
20/07/2019,10826.70,10571.90,11155.60,10462.00,668.94K
21/07/2019,10714.40,10827.00,10883.80,10442.50,562.17K
22/07/2019,10412.50,10715.10,10806.30,10196.50,591.27K
23/07/2019,9888.70,10412.80,10414.70,9865.40,663.38K
24/07/2019,9804.30,9887.20,9945.30,9584.00,639.54K
25/07/2019,9945.30,9804.70,10203.50,9776.60,545.85K
26/07/2019,9831.00,9945.20,10436.10,9724.20,493.75K
27/07/2019,9492.10,9830.40,10232.30,9389.10,661.89K
28/07/2019,9727.80,9491.10,9798.50,9401.10,518.59K
29/07/2019,9580.90,9728.50,9835.40,9502.50,510.90K
30/07/2019,9580.70,9580.00,9703.00,9483.00,511.51K
31/07/2019,10082.00,9580.30,10100.00,9562.40,589.84K
01/08/2019,10380.00,10081.90,10459.00,9890.60,608.37K
02/08/2019,10520.10,10380.50,10664.80,10330.50,578.29K
03/08/2019,10815.70,10519.90,10893.60,10504.50,508.75K
04/08/2019,10934.60,10816.10,11017.70,10568.80,585.71K
05/08/2019,11816.80,10934.80,11922.30,10934.80,769.63K
06/08/2019,11480.90,11817.60,12291.90,11237.00,807.58K
07/08/2019,12013.90,11481.00,12114.50,11406.40,702.85K
08/08/2019,12191.60,12015.90,12236.60,11727.00,592.15K
09/08/2019,12089.80,12190.00,12225.30,11885.00,558.72K
10/08/2019,11314.50,12090.50,12185.00,11281.60,570.74K
11/08/2019,11517.20,11314.60,11728.40,11146.10,435.83K
12/08/2019,11394.20,11505.10,11508.60,11267.30,391.08K
13/08/2019,10892.90,11395.00,11445.60,10793.20,540.78K
14/08/2019,10049.40,10894.20,10894.50,9965.50,745.59K
15/08/2019,10303.40,10053.30,10448.20,9580.10,930.05K
16/08/2019,10335.60,10300.90,10734.00,9788.60,798.67K
17/08/2019,10218.10,10335.50,10460.70,10016.30,497.77K
18/08/2019,10312.70,10219.30,10494.90,10086.70,441.11K
19/08/2019,10910.70,10312.80,10923.90,10267.80,519.01K
20/08/2019,10752.60,10911.20,10941.60,10581.00,515.47K
21/08/2019,10141.50,10753.30,10797.80,9908.00,717.65K
22/08/2019,10105.00,10141.10,10218.20,9777.00,520.75K
23/08/2019,10388.70,10104.90,10434.30,9921.40,436.26K
24/08/2019,10131.00,10389.40,10415.90,9917.50,463.85K
25/08/2019,10136.30,10132.10,10307.00,9935.20,422.53K
26/08/2019,10371.80,10136.00,10568.20,10136.00,568.77K
27/08/2019,10184.80,10372.20,10387.60,10060.20,419.81K
28/08/2019,9729.40,10184.70,10271.30,9629.60,580.29K
29/08/2019,9491.00,9729.10,9729.10,9343.00,509.13K
30/08/2019,9585.40,9494.10,9675.70,9370.20,413.92K
31/08/2019,9594.40,9585.50,9677.50,9457.30,311.49K
01/09/2019,9729.30,9594.70,9799.50,9533.60,322.66K
02/09/2019,10348.80,9728.80,10431.50,9720.30,542.79K
03/09/2019,10612.30,10348.10,10756.80,10283.50,578.79K
04/09/2019,10568.20,10611.60,10783.60,10388.60,504.45K
05/09/2019,10566.90,10567.80,10630.70,10469.90,402.09K
06/09/2019,10309.30,10566.70,10896.20,10227.40,643.02K
07/09/2019,10461.10,10306.90,10556.40,10302.30,393.57K
08/09/2019,10402.80,10461.60,10578.00,10266.30,339.73K
09/09/2019,10309.00,10402.10,10478.00,10095.70,473.76K
10/09/2019,10105.40,10308.70,10379.80,9970.70,383.22K
11/09/2019,10162.50,10104.90,10257.50,9908.90,413.06K
12/09/2019,10415.10,10162.40,10447.90,10051.00,413.22K
13/09/2019,10342.10,10415.20,10441.40,10174.10,365.52K
14/09/2019,10337.30,10342.20,10421.40,10253.70,326.44K
15/09/2019,10311.50,10337.30,10360.40,10272.00,255.79K
16/09/2019,10255.50,10311.30,10360.50,10108.50,372.53K
17/09/2019,10195.70,10254.60,10273.60,10153.50,321.64K
18/09/2019,10164.70,10195.70,10257.50,10119.30,318.82K
19/09/2019,10250.50,10164.60,10297.60,9707.60,542.25K
20/09/2019,10172.70,10251.50,10279.50,10088.60,362.07K
21/09/2019,9993.00,10172.80,10177.90,9939.80,326.17K
22/09/2019,10031.60,9993.00,10075.00,9870.90,337.06K
23/09/2019,9702.20,10031.30,10048.80,9656.30,431.10K
24/09/2019,8513.90,9702.70,9793.80,8069.40,933.16K
25/09/2019,8432.40,8512.30,8729.80,8245.10,696.11K
26/09/2019,8063.80,8432.50,8463.10,7773.60,731.03K
27/09/2019,8184.90,8063.80,8257.40,7882.10,561.40K
28/09/2019,8208.50,8184.50,8297.20,8031.10,457.79K
29/09/2019,8049.10,8208.00,8226.80,7922.10,418.48K
30/09/2019,8284.30,8048.90,8318.50,7749.00,600.26K
01/10/2019,8302.70,8285.00,8486.20,8187.90,533.95K
02/10/2019,8364.10,8302.70,8374.00,8167.70,405.86K
03/10/2019,8226.90,8363.60,8391.70,8090.10,460.97K
04/10/2019,8148.10,8227.60,8233.60,8041.40,416.92K
05/10/2019,8127.30,8148.00,8185.10,8030.60,360.92K
06/10/2019,7881.90,8127.30,8145.50,7834.90,448.80K
07/10/2019,8198.60,7882.60,8293.50,7797.00,604.74K
08/10/2019,8182.90,8198.50,8323.10,8118.10,469.04K
09/10/2019,8566.70,8180.10,8655.90,8122.70,636.43K
10/10/2019,8562.30,8566.80,8638.50,8438.70,511.46K
11/10/2019,8267.80,8562.20,8751.10,8249.70,667.86K
12/10/2019,8304.40,8267.60,8394.80,8260.90,424.02K
13/10/2019,8281.50,8304.30,8450.20,8190.60,419.87K
14/10/2019,8353.30,8281.30,8374.30,8222.20,505.02K
15/10/2019,8167.20,8353.40,8400.20,8139.50,469.73K
16/10/2019,8000.40,8167.10,8185.90,7929.80,538.92K
17/10/2019,8073.30,8000.40,8118.20,7944.40,444.95K
18/10/2019,7948.50,8073.30,8116.40,7842.00,505.79K
19/10/2019,7957.30,7948.30,8060.20,7892.40,428.83K
20/10/2019,8223.40,7957.40,8288.50,7889.60,513.91K
21/10/2019,8208.20,8224.10,8315.30,8155.70,489.40K
22/10/2019,8031.40,8207.40,8289.10,8017.70,570.39K
23/10/2019,7477.00,8031.00,8055.00,7329.20,892.08K
24/10/2019,7422.70,7476.80,7501.50,7366.30,586.49K
25/10/2019,8658.30,7422.80,8697.70,7404.90,1.18M
26/10/2019,9230.60,8658.40,10540.00,8061.80,1.78M
27/10/2019,9529.60,9230.60,9773.20,9081.00,1.16M
28/10/2019,9207.20,9530.10,9866.90,9202.50,1.04M
29/10/2019,9411.30,9206.50,9531.30,9125.30,918.48K
30/10/2019,9157.90,9411.30,9411.30,9018.40,789.73K
31/10/2019,9152.60,9157.90,9378.90,8959.60,798.93K
01/11/2019,9230.10,9153.10,9270.40,9057.20,689.65K
02/11/2019,9300.60,9230.30,9356.70,9201.20,570.74K
03/11/2019,9198.30,9300.50,9359.10,9095.00,536.56K
04/11/2019,9396.40,9198.70,9500.40,9134.10,681.01K
05/11/2019,9310.80,9396.10,9452.70,9193.90,653.42K
06/11/2019,9338.90,9311.20,9424.60,9262.70,578.03K
07/11/2019,9223.50,9339.20,9367.00,9130.00,603.54K
08/11/2019,8778.20,9223.60,9254.80,8722.40,791.79K
09/11/2019,8804.50,8778.10,8877.50,8746.90,512.02K
10/11/2019,9036.80,8804.70,9092.90,8763.50,581.57K
11/11/2019,8736.90,9036.90,9066.40,8649.40,601.16K
12/11/2019,8812.60,8737.40,8841.20,8615.70,575.16K
13/11/2019,8783.10,8813.20,8829.70,8721.10,454.33K
14/11/2019,8661.20,8782.90,8799.80,8615.80,515.43K
15/11/2019,8476.30,8660.80,8761.80,8437.10,653.71K
16/11/2019,8497.30,8476.20,8532.80,8450.70,471.16K
17/11/2019,8509.80,8497.40,8631.70,8413.00,531.22K
18/11/2019,8208.40,8510.30,8516.30,8110.40,692.60K
19/11/2019,8145.70,8207.70,8245.60,8032.80,654.27K
20/11/2019,8099.30,8145.70,8223.00,8074.20,607.27K
21/11/2019,7627.90,8099.40,8129.60,7519.70,891.50K
22/11/2019,7272.50,7627.90,7700.90,6818.50,1.41M
23/11/2019,7324.10,7271.60,7342.50,7093.70,783.18K
24/11/2019,6924.70,7325.00,7344.10,6894.90,904.50K
25/11/2019,7115.60,6924.70,7352.80,6534.80,1.29M
26/11/2019,7162.80,7115.50,7329.50,7045.10,844.27K
27/11/2019,7510.60,7162.80,7636.90,6875.40,996.49K
28/11/2019,7426.70,7510.60,7639.50,7380.60,737.58K
29/11/2019,7742.70,7426.60,7825.30,7412.30,766.71K
30/11/2019,7546.60,7742.70,7787.70,7472.70,650.60K
01/12/2019,7396.40,7546.50,7546.50,7244.40,777.00K
02/12/2019,7298.20,7395.90,7433.80,7173.60,687.78K
03/12/2019,7291.80,7298.10,7389.40,7227.10,548.77K
04/12/2019,7204.40,7291.90,7702.20,7113.60,971.75K
05/12/2019,7399.20,7204.60,7476.30,7184.00,780.78K
06/12/2019,7530.80,7399.20,7552.10,7329.80,706.10K
07/12/2019,7510.90,7530.40,7595.70,7489.60,557.14K
08/12/2019,7524.40,7510.80,7576.40,7416.70,499.04K
09/12/2019,7355.80,7524.80,7626.00,7321.60,648.66K
10/12/2019,7235.70,7356.20,7400.30,7192.10,609.50K
11/12/2019,7208.00,7235.80,7284.40,7168.80,518.40K
12/12/2019,7208.00,7208.00,7272.40,7124.60,611.80K
13/12/2019,7255.20,7208.40,7288.00,7200.30,503.49K
14/12/2019,7080.80,7255.20,7267.40,7043.30,524.56K
15/12/2019,7128.50,7080.80,7175.80,7033.80,492.58K
16/12/2019,6903.50,7128.50,7153.10,6864.60,689.56K
17/12/2019,6613.30,6903.50,6943.50,6575.00,894.55K
18/12/2019,7276.00,6613.50,7387.70,6462.20,1.14M
19/12/2019,7165.50,7276.40,7354.00,7039.30,778.72K
20/12/2019,7196.40,7165.50,7218.40,7107.70,627.04K
21/12/2019,7156.20,7196.40,7197.60,7129.60,468.74K
22/12/2019,7495.80,7156.30,7501.10,7142.00,677.94K
23/12/2019,7322.80,7496.20,7684.00,7276.20,952.16K
24/12/2019,7268.30,7322.40,7433.20,7185.70,785.54K
25/12/2019,7224.80,7268.30,7542.40,7150.90,625.41K
26/12/2019,7210.90,7225.00,7414.30,7177.30,795.09K
27/12/2019,7261.70,7210.80,7293.80,7128.50,718.07K
28/12/2019,7321.50,7261.90,7375.90,7256.50,610.96K
29/12/2019,7397.50,7321.60,7518.90,7303.00,611.69K
30/12/2019,7261.80,7397.50,7420.90,7244.10,606.11K
31/12/2019,7196.40,7261.50,7331.00,7167.40,586.60K
01/01/2020,7199.80,7196.40,7259.40,7180.00,420.28K
02/01/2020,6967.00,7199.70,7209.60,6901.40,632.78K
03/01/2020,7343.10,6967.10,7402.90,6884.10,936.29K
04/01/2020,7376.80,7345.10,7433.10,7291.40,523.91K
05/01/2020,7372.50,7376.80,7501.00,7345.60,628.14K
06/01/2020,7759.10,7372.60,7783.10,7366.70,786.75K
07/01/2020,8155.70,7759.10,8182.00,7754.10,1.01M
08/01/2020,8059.60,8154.20,8436.40,7900.80,1.19M
09/01/2020,7842.40,8060.00,8065.90,7779.20,786.50K
10/01/2020,8187.10,7842.50,8187.40,7697.70,1.05M
11/01/2020,8024.10,8187.80,8262.90,8008.40,776.75K
12/01/2020,8187.60,8023.30,8189.90,7973.10,595.22K
13/01/2020,8111.40,8188.30,8196.70,8068.40,610.66K
14/01/2020,8829.20,8111.20,8898.70,8111.20,1.48M
15/01/2020,8818.30,8827.90,8904.00,8615.50,1.17M
16/01/2020,8726.90,8818.10,8850.00,8605.80,748.32K
17/01/2020,8913.10,8726.70,9005.10,8675.90,794.11K
18/01/2020,8916.30,8913.00,8982.30,8814.60,627.74K
19/01/2020,8706.20,8916.30,9183.70,8552.80,975.01K
20/01/2020,8641.90,8705.70,8740.10,8539.20,599.06K
21/01/2020,8732.60,8642.00,8770.30,8524.00,540.20K
22/01/2020,8678.50,8733.00,8805.40,8610.80,509.06K
23/01/2020,8405.10,8678.50,8687.30,8309.60,722.67K
24/01/2020,8439.90,8404.90,8522.00,8242.60,617.02K
25/01/2020,8341.60,8439.90,8447.60,8277.20,444.00K
26/01/2020,8607.80,8341.60,8607.80,8304.90,468.34K
27/01/2020,8866.60,8608.10,8983.10,8585.60,706.45K
28/01/2020,9377.30,8866.60,9389.50,8866.60,954.20K
29/01/2020,9298.90,9377.30,9428.70,9250.90,749.88K
30/01/2020,9507.30,9299.10,9569.00,9209.20,765.21K
31/01/2020,9349.10,9508.30,9525.00,9222.30,633.37K
01/02/2020,9381.60,9349.30,9458.80,9301.50,458.42K
02/02/2020,9334.90,9381.50,9465.40,9183.10,683.37K
03/02/2020,9296.60,9334.60,9582.80,9243.10,701.39K
04/02/2020,9193.90,9296.50,9347.50,9193.90,651.68K
05/02/2020,9611.80,9194.10,9726.80,9179.90,771.46K
06/02/2020,9772.00,9611.80,9854.90,9536.10,778.67K
07/02/2020,9818.60,9771.90,9872.50,9738.70,608.96K
08/02/2020,9895.50,9817.30,9931.20,9673.20,551.31K
09/02/2020,10151.50,9895.40,10157.10,9882.70,617.35K
10/02/2020,9854.10,10151.50,10181.70,9774.80,781.22K
11/02/2020,10229.50,9854.00,10314.10,9725.10,791.28K
12/02/2020,10317.70,10229.30,10435.60,10229.30,803.25K
13/02/2020,10235.10,10321.90,10482.60,10116.90,940.30K
14/02/2020,10333.00,10235.50,10372.40,10125.20,732.51K
15/02/2020,9907.70,10336.00,10369.80,9831.70,808.81K
16/02/2020,9932.30,9907.40,10056.40,9654.90,808.91K
17/02/2020,9701.40,9931.70,9951.50,9468.90,961.88K
18/02/2020,10158.40,9701.50,10230.10,9601.60,945.91K
19/02/2020,9609.40,10158.60,10230.90,9424.30,905.95K
20/02/2020,9602.40,9611.90,9681.40,9448.90,870.80K
21/02/2020,9684.50,9602.20,9747.10,9574.50,716.61K
22/02/2020,9655.70,9684.50,9706.50,9569.80,589.88K
23/02/2020,9942.70,9655.60,9965.60,9653.40,775.88K
24/02/2020,9662.70,9943.20,9981.00,9507.00,980.00K
25/02/2020,9317.20,9662.60,9672.30,9269.80,937.97K
26/02/2020,8800.30,9317.10,9368.10,8672.00,1.32M
27/02/2020,8818.60,8800.10,8968.30,8538.50,1.13M
28/02/2020,8697.50,8820.10,8898.70,8451.90,1.08M
29/02/2020,8543.70,8697.10,8793.70,8539.80,683.44K
01/03/2020,8540.00,8543.80,8737.20,8437.20,784.05K
02/03/2020,8904.80,8537.50,8961.80,8503.10,1.02M
03/03/2020,8761.40,8906.10,8911.70,8669.30,1.01M
04/03/2020,8757.90,8761.30,8840.30,8679.70,759.69K
05/03/2020,9060.30,8757.90,9147.30,8751.50,950.76K
06/03/2020,9134.80,9060.60,9165.20,9004.90,1.04M
07/03/2020,8887.80,9134.20,9180.80,8848.70,750.65K
08/03/2020,8034.10,8887.80,8888.00,8015.30,1.11M
09/03/2020,7933.00,8035.80,8158.80,7648.70,1.54M
10/03/2020,7891.20,7933.00,8145.50,7740.20,1.20M
11/03/2020,7935.10,7892.10,7976.50,7606.00,1.10M
12/03/2020,4826.00,7935.20,7963.10,4546.60,3.22M
13/03/2020,5584.30,4815.20,5934.30,3869.50,4.17M
14/03/2020,5182.70,5589.40,5634.90,5072.20,1.69M
15/03/2020,5366.30,5182.90,5863.30,5120.60,1.61M
16/03/2020,5030.00,5366.40,5369.30,4477.70,2.55M
17/03/2020,5261.10,5030.20,5432.80,4946.50,1.89M
18/03/2020,5361.40,5260.70,5373.10,5020.90,1.80M
19/03/2020,6172.00,5359.20,6379.50,5256.00,2.18M
20/03/2020,6205.30,6171.60,6858.10,5748.20,2.22M
21/03/2020,6186.20,6205.60,6438.30,5887.00,1.64M
22/03/2020,5822.10,6186.90,6394.40,5771.20,1.48M
23/03/2020,6468.90,5822.00,6564.70,5710.80,1.88M
24/03/2020,6744.60,6468.80,6814.20,6380.80,1.73M
25/03/2020,6678.90,6744.80,6930.20,6474.60,1.52M
26/03/2020,6725.10,6677.90,6772.90,6541.70,1.18M
27/03/2020,6373.40,6725.50,6813.70,6322.30,1.16M
28/03/2020,6233.70,6373.40,6374.30,6046.50,1.26M
29/03/2020,5890.40,6233.20,6258.80,5889.30,916.17K
30/03/2020,6391.00,5890.40,6576.50,5872.50,1.43M
31/03/2020,6412.50,6391.10,6513.10,6346.30,1.05M
01/04/2020,6638.50,6412.40,6661.30,6157.40,1.40M
02/04/2020,6800.50,6638.80,7182.70,6567.90,1.74M
03/04/2020,6735.90,6799.90,7026.30,6623.60,1.35M
04/04/2020,6857.40,6735.90,6958.60,6679.10,1.05M
05/04/2020,6772.70,6857.50,6889.40,6686.00,842.33K
06/04/2020,7332.30,6772.80,7335.00,6770.10,1.53M
07/04/2020,7185.20,7332.30,7440.30,7101.70,1.32M
08/04/2020,7361.20,7185.60,7396.10,7153.10,983.94K
09/04/2020,7289.00,7361.10,7361.10,7140.30,963.55K
10/04/2020,6863.10,7289.00,7294.40,6756.10,1.37M
11/04/2020,6867.80,6862.70,6931.40,6765.10,845.58K
12/04/2020,6917.60,6867.90,7158.80,6785.10,1.10M
13/04/2020,6841.30,6918.10,6920.30,6618.50,1.25M
14/04/2020,6850.90,6841.80,6970.80,6768.60,999.53K
15/04/2020,6629.10,6851.30,6929.50,6615.90,1.00M
16/04/2020,7085.60,6629.10,7159.70,6520.50,1.54M
17/04/2020,7035.80,7085.50,7142.80,7005.80,810.10K
18/04/2020,7230.80,7035.90,7259.40,7031.50,796.45K
19/04/2020,7122.90,7230.90,7238.00,7079.10,5.93M
20/04/2020,6833.50,7122.90,7207.50,6771.20,1.26M
21/04/2020,6842.50,6833.40,6919.30,6774.30,892.57K
22/04/2020,7112.90,6842.50,7137.40,6821.80,914.18K
23/04/2020,7488.50,7112.80,7655.40,7036.50,1.34M
24/04/2020,7503.80,7491.30,7583.50,7423.50,951.95K
25/04/2020,7540.40,7503.90,7684.60,7451.00,861.93K
26/04/2020,7678.90,7540.40,7679.40,7520.50,921.59K
27/04/2020,7766.00,7679.40,7768.50,7637.70,980.50K
28/04/2020,7746.90,7766.00,7770.10,7655.30,808.09K
29/04/2020,8770.90,7746.70,8918.50,7729.70,1.83M
30/04/2020,8629.00,8770.60,9437.50,8425.50,2.04M
01/05/2020,8821.60,8628.60,9040.30,8621.00,1.11M
02/05/2020,8966.30,8821.60,8986.20,8771.30,890.34K
03/05/2020,8885.50,8966.20,9169.90,8742.20,1.15M
04/05/2020,8874.70,8885.50,8945.50,8553.20,1.12M
05/05/2020,9001.00,8874.20,9078.70,8800.40,1.05M
06/05/2020,9151.40,9000.60,9373.70,8923.60,1.62M
07/05/2020,9979.80,9152.70,10033.00,9064.80,1.91M
08/05/2020,9806.20,9980.10,10018.20,9731.40,1.42M
09/05/2020,9554.60,9806.00,9910.50,9533.60,1.49M
10/05/2020,8738.80,9553.90,9569.40,8259.30,2.47M
11/05/2020,8579.80,8737.60,9129.60,8235.60,2.29M
12/05/2020,8813.80,8569.80,8964.50,8542.80,1.35M
13/05/2020,9298.70,8813.90,9384.60,8799.10,1.50M
14/05/2020,9778.40,9298.70,9887.50,9265.80,1.77M
15/05/2020,9318.00,9778.60,9819.60,9223.20,1.56M
16/05/2020,9379.50,9318.10,9579.00,9233.00,1.10M
17/05/2020,9677.70,9376.60,9866.00,9327.80,1.18M
18/05/2020,9730.70,9678.40,9930.20,9524.40,1.18M
19/05/2020,9773.30,9730.80,9883.90,9498.70,1.16M
20/05/2020,9512.30,9773.00,9829.30,9368.40,1.15M
21/05/2020,9059.00,9511.60,9567.10,8833.60,1.41M
22/05/2020,9169.70,9058.20,9253.50,8952.10,914.59K
23/05/2020,9177.00,9169.80,9303.20,9098.90,812.56K
24/05/2020,8728.20,9177.90,9292.00,8724.10,1.11M
25/05/2020,8898.20,8728.00,8959.50,8666.10,941.89K
26/05/2020,8842.50,8897.70,8994.60,8713.90,784.92K
27/05/2020,9199.10,8842.30,9210.90,8818.60,810.89K
28/05/2020,9572.20,9199.80,9610.80,9119.20,948.86K
29/05/2020,9424.80,9573.40,9596.50,9358.10,814.33K
30/05/2020,9692.50,9424.80,9729.90,9352.70,720.62K
31/05/2020,9454.80,9692.90,9695.60,9406.20,645.27K
01/06/2020,10189.30,9454.50,10301.80,9429.70,796.68K
02/06/2020,9527.60,10190.70,10207.30,9347.30,1.06M
03/06/2020,9667.20,9527.00,9667.20,9421.70,558.12K
04/06/2020,9794.40,9667.20,9864.40,9490.90,593.66K
05/06/2020,9631.20,9794.00,9846.10,9628.70,527.05K
06/06/2020,9669.60,9630.80,9733.10,9549.50,370.85K
07/06/2020,9742.60,9669.60,9791.80,9417.40,549.20K
08/06/2020,9777.90,9743.40,9788.20,9662.30,431.04K
09/06/2020,9768.80,9777.70,9857.20,9616.60,479.55K
10/06/2020,9878.80,9768.80,9970.90,9710.70,533.55K
11/06/2020,9283.20,9878.90,9945.20,9139.10,919.30K
12/06/2020,9466.60,9283.70,9547.50,9249.40,529.28K
13/06/2020,9471.30,9466.50,9484.90,9369.90,364.97K
14/06/2020,9345.30,9470.70,9474.70,9264.40,311.27K
15/06/2020,9425.40,9345.50,9489.70,8925.60,750.90K
16/06/2020,9523.50,9425.60,9577.10,9379.30,545.47K
17/06/2020,9464.60,9523.60,9543.60,9258.20,446.45K
18/06/2020,9388.10,9464.60,9480.40,9289.30,391.67K
19/06/2020,9314.00,9390.30,9424.00,9249.60,478.49K
20/06/2020,9358.80,9314.00,9394.50,9199.80,383.44K
21/06/2020,9296.40,9358.80,9411.20,9288.50,335.99K
22/06/2020,9683.70,9296.50,9751.90,9285.80,523.32K
23/06/2020,9624.60,9683.90,9715.60,9581.80,375.49K
24/06/2020,9302.00,9624.60,9667.40,9223.00,515.78K
25/06/2020,9247.50,9300.80,9327.30,9022.60,524.45K
26/06/2020,9160.00,9247.50,9296.50,9060.10,489.84K
27/06/2020,9008.30,9160.50,9190.50,8865.30,441.93K
28/06/2020,9124.00,9008.40,9185.50,8950.20,329.01K
29/06/2020,9185.40,9122.80,9229.10,9033.60,401.12K
30/06/2020,9135.40,9186.00,9199.80,9075.30,381.73K
01/07/2020,9229.90,9135.90,9289.00,9101.10,366.78K
02/07/2020,9085.10,9229.90,9259.70,8962.10,483.10K
03/07/2020,9067.10,9085.00,9120.40,9050.90,333.88K
04/07/2020,9134.40,9067.10,9182.30,9049.60,261.25K
05/07/2020,9081.00,9134.30,9149.60,8932.10,314.10K
06/07/2020,9339.00,9080.40,9363.00,9063.20,510.27K
07/07/2020,9256.00,9338.80,9371.20,9209.30,420.55K
08/07/2020,9429.90,9256.30,9458.30,9233.10,509.94K
09/07/2020,9235.70,9430.10,9434.50,9176.00,444.27K
10/07/2020,9285.10,9239.00,9309.80,9131.90,418.47K
11/07/2020,9233.30,9285.80,9295.50,9184.20,353.92K
12/07/2020,9300.80,9234.20,9337.80,9170.40,366.88K
13/07/2020,9243.60,9300.50,9329.60,9207.60,456.87K
14/07/2020,9253.40,9243.10,9274.80,9135.70,453.83K
15/07/2020,9198.70,9253.60,9270.20,9168.70,429.84K
16/07/2020,9135.30,9198.70,9224.20,9052.00,429.04K
17/07/2020,9155.80,9135.40,9181.90,9091.50,310.92K
18/07/2020,9170.20,9155.80,9198.80,9126.70,276.40K
19/07/2020,9208.00,9170.10,9224.80,9106.40,265.25K
20/07/2020,9162.40,9208.10,9218.40,9139.90,312.98K
21/07/2020,9387.30,9162.30,9426.90,9155.10,458.99K
22/07/2020,9513.70,9387.40,9523.10,9296.00,386.00K
23/07/2020,9599.60,9513.60,9646.50,9451.10,425.66K
24/07/2020,9546.40,9599.20,9626.20,9480.50,359.16K
25/07/2020,9704.10,9546.70,9729.30,9536.20,306.29K
26/07/2020,9932.50,9690.00,10086.60,9645.90,415.07K
27/07/2020,11022.80,9932.70,11367.00,9894.60,908.99K
28/07/2020,10908.50,10961.10,11046.10,10873.60,658.37K
29/07/2020,11105.90,10908.40,11336.50,10771.80,576.83K
30/07/2020,11096.20,11105.80,11164.40,10861.60,501.14K
31/07/2020,11333.40,11096.50,11434.80,10964.60,530.95K
01/08/2020,11803.10,11333.20,11847.70,11226.10,611.47K
02/08/2020,11066.80,11802.60,12061.10,10730.70,647.95K
03/08/2020,11224.40,11066.90,11461.10,10981.60,470.24K
04/08/2020,11184.70,11223.80,11407.80,11043.00,485.79K
05/08/2020,11735.10,11184.80,11771.50,11114.50,570.83K
06/08/2020,11757.10,11735.00,11898.40,11563.00,554.85K
07/08/2020,11592.00,11757.10,11901.80,11352.40,517.00K
08/08/2020,11764.30,11591.60,11805.50,11533.50,317.06K
09/08/2020,11681.20,11764.40,11792.80,11527.50,303.00K
10/08/2020,11889.20,11681.10,12041.10,11546.90,564.11K
11/08/2020,11390.40,11889.20,11931.80,11146.70,615.90K
12/08/2020,11557.20,11390.40,11605.40,11190.60,549.59K
13/08/2020,11770.90,11557.20,11772.90,11298.40,545.67K
14/08/2020,11750.80,11771.10,11835.50,11651.50,435.44K
15/08/2020,11845.30,11751.10,11964.00,11711.50,499.10K
16/08/2020,11899.00,11845.50,11922.50,11688.90,410.81K
17/08/2020,12282.60,11898.80,12444.10,11764.00,628.41K
18/08/2020,11947.60,12283.00,12381.40,11842.00,606.79K
19/08/2020,11750.20,11944.40,12013.20,11602.60,550.26K
20/08/2020,11856.90,11751.00,11881.00,11672.70,430.93K
21/08/2020,11529.20,11856.90,11877.40,11495.60,506.38K
22/08/2020,11661.30,11529.20,11677.00,11382.10,433.98K
23/08/2020,11641.60,11661.10,11705.40,11520.80,377.33K
24/08/2020,11753.50,11641.60,11824.60,11587.10,429.13K
25/08/2020,11324.80,11752.90,11766.90,11131.00,594.07K
26/08/2020,11462.30,11324.90,11533.60,11254.60,513.06K
27/08/2020,11327.40,11462.30,11580.30,11135.30,560.59K
28/08/2020,11527.40,11327.50,11539.00,11281.90,464.94K
29/08/2020,11468.10,11527.80,11576.80,11433.50,389.85K
30/08/2020,11702.00,11468.10,11704.20,11462.60,409.36K
31/08/2020,11644.20,11701.10,11760.20,11563.80,496.14K
01/09/2020,11914.90,11644.20,12045.90,11544.60,580.69K
02/09/2020,11413.30,11914.40,11947.50,11244.90,20.26M
03/09/2020,10168.80,11413.20,11442.70,10009.50,9.65M
04/09/2020,10472.50,10168.70,10614.20,9960.30,12.50M
05/09/2020,10092.20,10472.30,10558.70,9897.80,14.72M
06/09/2020,10296.40,10092.20,10337.70,10004.70,12.12M
07/09/2020,10376.90,10296.40,10400.90,9887.00,12.40M
08/09/2020,10126.60,10376.90,10434.40,9877.10,113.90K
09/09/2020,10224.60,10126.80,10343.30,9984.60,71.37K
10/09/2020,10339.70,10224.30,10480.30,10219.20,88.01K
11/09/2020,10390.20,10339.80,10398.80,10212.60,62.28K
12/09/2020,10441.90,10390.20,10476.80,10275.90,48.49K
13/09/2020,10326.00,10441.70,10579.60,10219.40,66.12K
14/09/2020,10675.30,10332.70,10744.30,10264.50,96.64K
15/09/2020,10785.30,10675.20,10931.80,10627.80,91.70K
16/09/2020,10949.50,10785.20,11093.30,10669.20,94.94K
17/09/2020,10941.30,10950.10,11039.30,10755.20,77.22K
18/09/2020,10933.00,10941.30,11029.70,10818.70,63.48K
19/09/2020,11081.80,10933.00,11177.10,10890.70,51.63K
20/09/2020,10921.50,11081.60,11081.60,10772.70,53.39K
21/09/2020,10416.80,10919.90,10987.20,10328.50,109.85K
22/09/2020,10531.50,10419.40,10570.70,10361.70,63.52K
23/09/2020,10237.30,10531.50,10535.40,10146.60,74.95K
24/09/2020,10739.40,10238.10,10787.80,10201.00,82.95K
25/09/2020,10688.80,10739.90,10756.00,10558.90,71.43K
26/09/2020,10727.90,10688.90,10793.30,10650.20,37.85K
27/09/2020,10776.20,10727.90,10799.20,10602.70,40.92K
28/09/2020,10693.20,10776.40,10946.60,10685.20,72.29K
29/09/2020,10840.90,10694.30,10858.40,10642.40,59.64K
30/09/2020,10776.10,10843.40,10847.70,10667.60,55.55K
01/10/2020,10620.50,10776.60,10913.70,10462.70,95.33K
02/10/2020,10572.30,10619.60,10662.90,10387.60,77.94K
03/10/2020,10544.20,10572.20,10597.80,10501.20,29.10K
04/10/2020,10672.90,10544.40,10693.30,10520.80,31.40K
05/10/2020,10789.50,10672.50,10789.60,10623.40,48.86K
06/10/2020,10602.60,10790.20,10800.30,10530.80,69.07K
07/10/2020,10670.90,10601.00,10680.10,10553.30,49.27K
08/10/2020,10924.10,10670.70,10948.60,10549.60,79.78K
09/10/2020,11054.20,10923.50,11103.00,10836.90,70.95K
10/10/2020,11298.40,11053.50,11475.00,11053.10,65.81K
11/10/2020,11371.00,11295.60,11439.40,11277.60,41.06K
12/10/2020,11533.90,11370.80,11715.90,11227.40,84.02K
13/10/2020,11423.80,11533.50,11558.00,11315.90,64.67K
14/10/2020,11420.40,11424.40,11541.00,11293.50,59.12K
15/10/2020,11503.00,11421.40,11590.90,11276.70,70.84K
16/10/2020,11322.00,11503.20,11542.20,11224.60,71.42K
17/10/2020,11362.10,11321.80,11402.70,11274.40,29.86K
18/10/2020,11506.90,11362.10,11506.90,11349.80,31.51K
19/10/2020,11753.40,11507.10,11823.30,11413.90,73.04K
20/10/2020,11913.50,11753.90,12029.40,11685.70,94.59K
21/10/2020,12808.70,11913.60,13213.50,11894.60,197.72K
22/10/2020,12974.60,12805.50,13183.90,12698.20,113.31K
23/10/2020,12934.10,12972.70,13025.50,12738.90,73.94K
24/10/2020,13117.20,12933.60,13161.50,12876.40,51.20K
25/10/2020,13032.20,13117.00,13345.30,12900.40,59.73K
26/10/2020,13061.60,13033.00,13229.70,12792.40,89.47K
27/10/2020,13657.80,13061.50,13782.30,13050.30,128.64K
28/10/2020,13278.90,13658.30,13851.70,12907.60,144.18K
29/10/2020,13457.20,13278.30,13640.00,12982.90,111.23K
30/10/2020,13559.90,13457.00,13667.90,13134.50,108.77K
31/10/2020,13797.30,13560.20,14065.40,13441.70,102.75K
01/11/2020,13759.40,13795.50,13889.50,13628.70,51.71K
02/11/2020,13561.40,13759.70,13828.40,13214.20,97.76K
03/11/2020,14019.90,13560.50,14054.00,13294.60,108.17K
04/11/2020,14145.60,14023.00,14238.80,13544.40,140.80K
05/11/2020,15587.10,14145.60,15739.90,14099.70,227.49K
06/11/2020,15577.90,15593.90,15955.20,15223.50,186.13K
07/11/2020,14828.40,15578.20,15754.40,14385.10,160.73K
08/11/2020,15483.70,14826.60,15648.30,14720.70,94.99K
09/11/2020,15327.20,15483.30,15819.60,14816.90,165.04K
10/11/2020,15303.60,15328.00,15465.30,15096.50,93.36K
11/11/2020,15695.80,15303.10,15953.90,15281.00,119.07K
12/11/2020,16294.70,15695.80,16342.70,15483.50,165.54K
13/11/2020,16324.20,16293.00,16474.10,15973.40,113.75K
14/11/2020,16071.00,16323.10,16328.20,15717.70,83.64K
15/11/2020,15953.00,16074.70,16158.10,15782.30,58.43K
16/11/2020,16715.80,15954.10,16880.70,15870.70,118.09K
17/11/2020,17662.30,16715.80,17845.40,16562.00,175.87K
18/11/2020,17774.60,17662.30,18466.10,17258.90,233.43K
19/11/2020,17803.50,17775.10,18166.00,17380.10,135.94K
20/11/2020,18675.20,17805.50,18811.00,17758.40,134.42K
21/11/2020,18687.20,18673.80,18966.00,18397.50,108.91K
22/11/2020,18412.90,18689.30,18751.50,17644.60,121.76K
23/11/2020,18379.60,18428.10,18756.80,18016.00,127.35K
24/11/2020,19152.60,18394.60,19416.60,18074.80,180.79K
25/11/2020,18723.00,19151.50,19486.70,18527.70,146.12K
26/11/2020,17162.00,18721.90,18894.90,16235.20,312.07K
27/11/2020,17127.10,17160.90,17450.30,16481.60,138.80K
28/11/2020,17730.70,17142.60,17874.40,16874.40,95.20K
29/11/2020,18185.50,17729.70,18336.30,17530.40,79.12K
30/11/2020,19698.10,18186.00,19831.20,18186.00,185.59K
01/12/2020,18770.70,19697.80,19897.40,18257.00,208.72K
02/12/2020,19218.80,18767.90,19335.50,18346.70,91.92K
03/12/2020,19433.30,19219.80,19596.60,18883.70,99.97K
04/12/2020,18658.10,19431.10,19529.50,18610.80,110.63K
05/12/2020,19146.50,18657.50,19172.70,18507.10,59.44K
06/12/2020,19379.90,19146.00,19417.10,18873.00,54.56K
07/12/2020,19170.70,19368.40,19424.60,18908.80,61.98K
08/12/2020,18326.60,19170.80,19288.60,18229.20,101.41K
09/12/2020,18546.00,18322.40,18637.90,17658.80,129.72K
10/12/2020,18247.20,18546.10,18551.80,17926.80,85.31K
11/12/2020,18023.60,18250.50,18288.30,17600.10,111.53K
12/12/2020,18808.90,18026.70,18936.20,18025.10,71.37K
13/12/2020,19176.80,18808.10,19403.60,18716.80,82.45K
14/12/2020,19273.80,19176.40,19346.50,19007.00,67.11K
15/12/2020,19434.90,19273.90,19556.30,19076.20,98.39K
16/12/2020,21352.20,19434.70,21525.30,19299.70,199.81K
17/12/2020,22825.40,21352.30,23738.00,21243.10,310.74K
18/12/2020,23127.90,22823.30,23272.80,22361.50,131.80K
19/12/2020,23844.00,23127.60,24107.10,22797.00,133.88K
20/12/2020,23474.90,23843.60,24280.90,23098.90,114.09K
21/12/2020,22728.50,23474.10,24101.90,22015.50,154.69K
22/12/2020,23823.20,22730.40,23825.40,22388.60,130.75K
23/12/2020,23257.90,23820.80,24063.70,22694.70,178.47K
24/12/2020,23736.50,23253.20,23783.70,22737.30,104.59K
25/12/2020,24689.60,23728.70,24778.90,23445.30,2.40K
26/12/2020,26454.40,24714.70,26826.00,24515.10,155.77K
27/12/2020,26261.30,26460.30,28360.30,25858.20,231.23K
28/12/2020,27057.80,26259.20,27444.90,26144.30,126.98K
29/12/2020,27376.00,27065.30,27390.70,25902.80,119.57K
30/12/2020,28868.70,27374.50,28979.30,27374.50,159.82K
31/12/2020,28949.40,28866.80,29298.80,28025.00,136.69K
01/01/2021,29359.90,28951.70,29627.10,28712.40,100.90K
02/01/2021,32193.30,29359.70,33233.50,29008.00,240.87K
03/01/2021,32958.90,32192.90,34755.90,32029.60,155.21K
04/01/2021,32022.60,33016.60,33587.50,28204.50,255.27K
05/01/2021,33991.50,32015.40,34414.70,30010.50,202.13K
06/01/2021,36793.20,33999.30,36934.80,33408.30,227.56K
07/01/2021,39460.20,36798.50,40340.90,36361.20,249.60K
08/01/2021,40599.30,39466.40,41921.70,36613.40,251.29K
09/01/2021,40151.90,40607.20,41363.50,38775.10,128.42K
10/01/2021,38192.20,40149.70,41362.40,35141.60,215.78K
11/01/2021,35544.30,38195.30,38217.20,30411.60,251.04K
12/01/2021,34076.10,35426.00,36598.70,32572.70,241.93K
13/01/2021,37382.20,34061.20,37764.60,32451.90,209.93K
14/01/2021,39175.70,37383.40,40054.30,36772.10,172.40K
15/01/2021,36845.80,39175.70,39715.00,34488.70,118.42K
16/01/2021,36019.50,36751.80,37931.70,35408.40,137.02K
17/01/2021,35839.60,36020.10,36801.30,33883.50,126.82K
18/01/2021,36613.20,35838.20,37436.80,34801.00,111.52K
19/01/2021,36002.90,36630.60,37821.00,36001.40,79.11K
20/01/2021,35476.30,35862.10,36384.40,33444.50,153.61K
21/01/2021,30842.10,35472.30,35591.10,30101.80,253.27K
22/01/2021,33000.50,30838.70,33821.20,28871.20,243.09K
23/01/2021,32088.90,32994.10,33441.40,31418.20,100.70K
24/01/2021,32241.30,32088.50,33034.80,30982.90,88.21K
25/01/2021,32252.30,32244.30,34854.30,31967.40,142.43K
26/01/2021,32502.10,32244.10,32917.70,30850.00,139.84K
27/01/2021,30404.00,32499.60,32545.40,29290.40,194.35K
28/01/2021,33374.80,30408.90,33790.80,29911.90,167.39K
29/01/2021,34301.80,33381.70,38546.00,31953.30,297.73K
30/01/2021,34283.10,34300.00,34920.90,32908.50,128.57K
31/01/2021,33108.10,34281.60,34348.30,32189.90,101.92K
01/02/2021,33515.70,33106.80,34685.60,32324.90,126.32K
02/02/2021,35485.20,33514.00,35976.10,33462.40,120.85K
03/02/2021,37646.80,35486.90,37646.80,35401.50,131.03K
04/02/2021,36982.10,37648.90,38707.90,36380.80,151.44K
05/02/2021,38297.60,36976.40,38303.60,36640.00,100.60K
06/02/2021,39256.60,38300.60,40939.70,38275.30,156.02K
07/02/2021,38852.90,39228.90,39691.70,37381.60,125.37K
08/02/2021,46395.70,38853.60,46596.40,38057.00,248.47K
09/02/2021,46508.60,46396.40,48143.50,45104.70,193.87K
10/02/2021,44836.00,46507.80,47295.30,43800.50,151.83K
11/02/2021,47990.70,44834.80,48622.10,44041.10,145.77K
12/02/2021,47371.70,47995.00,48927.40,46218.60,133.73K
13/02/2021,47168.70,47373.10,48097.30,46270.50,89.42K
14/02/2021,48643.40,47172.10,49695.10,47051.90,106.50K
15/02/2021,47936.30,48611.10,48936.50,45786.10,123.18K
16/02/2021,49169.70,47934.20,50515.80,47044.40,141.37K
17/02/2021,52079.20,49161.30,52577.70,49018.10,140.03K
18/02/2021,51582.20,52094.50,52524.00,50941.60,94.35K
19/02/2021,55906.60,51590.10,56238.50,50816.80,139.43K
20/02/2021,55923.70,55922.00,57523.80,54124.10,127.85K
21/02/2021,57433.80,55907.60,58335.10,55502.70,87.26K
22/02/2021,54111.80,57437.60,57480.80,48353.80,244.95K
23/02/2021,48911.20,54114.10,54115.00,45093.80,315.07K
24/02/2021,49697.50,48911.10,51311.80,47031.70,153.75K
25/02/2021,46928.50,49695.90,52013.80,46773.70,83.22K
26/02/2021,46345.60,46928.50,48413.90,44248.20,189.41K
27/02/2021,46136.70,46333.10,48335.10,45059.40,98.75K
28/02/2021,45164.00,46136.00,46582.00,43100.60,135.08K
01/03/2021,49595.50,45160.50,49774.00,45008.80,137.52K
02/03/2021,48424.20,49595.60,50191.90,47100.60,102.10K
03/03/2021,50395.10,48422.20,52567.90,48159.20,44.93K
04/03/2021,48428.00,50388.00,51757.70,47521.80,9.56K
05/03/2021,48792.50,48363.60,49429.40,46370.10,113.64K
06/03/2021,48855.60,48798.70,49191.80,47132.80,66.66K
07/03/2021,50982.30,48899.00,51434.10,48890.60,82.91K
08/03/2021,52311.00,50988.90,52384.90,49338.10,68.14K
09/03/2021,54879.00,52352.40,54880.60,51941.30,114.06K
10/03/2021,55851.90,54882.70,57328.70,53073.60,140.96K
11/03/2021,57799.50,55851.20,58135.00,54351.80,129.63K
12/03/2021,57265.10,57806.20,58052.30,55134.50,116.96K
13/03/2021,61195.30,57267.40,61795.80,56118.80,134.64K
14/03/2021,59113.70,61192.70,61673.70,59113.70,80.29K
15/03/2021,55791.30,59117.40,60565.90,55088.80,117.71K
16/03/2021,56889.70,55619.50,56889.70,53342.60,128.51K
17/03/2021,58913.50,56892.90,58933.20,54253.20,118.26K
18/03/2021,57656.00,58911.80,60088.00,57099.60,102.62K
19/03/2021,58088.00,57645.00,59448.30,56305.10,83.98K
20/03/2021,58093.40,58084.10,59882.10,57863.00,67.83K
21/03/2021,57383.80,58097.40,58583.80,55583.30,77.47K
22/03/2021,54158.30,57379.30,58379.90,53784.20,95.53K
23/03/2021,54452.50,54117.50,55813.80,52992.30,84.84K
24/03/2021,52325.40,54309.10,57169.40,51725.40,137.91K
25/03/2021,51322.30,52330.00,53175.40,50441.30,143.35K
26/03/2021,55036.10,51317.40,55074.10,51302.00,100.30K
27/03/2021,55862.90,55033.80,56531.10,54010.20,73.87K
28/03/2021,55765.20,55856.90,56504.20,54711.30,58.71K
29/03/2021,57616.20,55764.70,58392.60,54951.10,107.91K
30/03/2021,58771.30,57614.60,59366.90,57077.10,86.21K
31/03/2021,58763.70,58771.40,59795.60,56991.60,98.06K
01/04/2021,58718.30,58763.20,59406.50,58040.70,69.04K
02/04/2021,58977.30,58718.20,60134.90,58466.50,72.37K
03/04/2021,57059.90,58976.80,59770.50,56906.70,68.74K
04/04/2021,58199.90,57059.70,58464.80,56470.60,57.21K
05/04/2021,58993.40,58202.30,59205.10,56842.70,54.13K
06/04/2021,57996.30,59169.00,59487.00,57403.30,77.15K
07/04/2021,55948.70,57996.30,58627.70,55489.30,110.69K
08/04/2021,58077.40,55948.00,58136.70,55721.60,64.78K
09/04/2021,58118.70,58076.80,58890.90,57686.00,59.22K
10/04/2021,59748.40,58127.40,61229.00,57900.00,103.72K
11/04/2021,59978.70,59772.40,60667.10,59250.30,58.20K
12/04/2021,59863.80,59982.10,61259.90,59569.20,81.88K
13/04/2021,63540.90,59863.60,63659.00,59839.40,126.56K
14/04/2021,62980.40,63544.20,64778.00,61366.30,130.43K
15/04/2021,63216.00,62978.60,63729.10,62067.50,76.97K
16/04/2021,61379.70,63211.60,63518.50,60027.30,136.85K
17/04/2021,60041.90,61358.30,62509.10,59672.10,84.08K
18/04/2021,56207.10,60043.20,60362.10,51817.60,216.81K
19/04/2021,55646.10,56208.10,57517.00,54272.30,117.51K
20/04/2021,56483.20,55645.10,57054.90,53422.50,115.49K
21/04/2021,53820.20,56479.50,56764.40,53657.60,100.26K
22/04/2021,51729.50,53821.30,55408.40,50590.90,168.13K
23/04/2021,51143.60,51707.10,52099.90,47659.40,214.46K
24/04/2021,50088.90,51140.80,51183.00,48775.20,82.25K
25/04/2021,48963.60,50088.20,50532.40,47098.50,59.20K
26/04/2021,54020.50,48963.50,54320.90,48815.90,129.76K
27/04/2021,55036.50,54011.10,55427.80,53345.00,84.08K
28/04/2021,54841.40,55036.00,56419.90,53876.40,86.96K
29/04/2021,53560.80,54838.60,55173.70,52400.00,83.90K
30/04/2021,57720.30,53562.30,57925.60,53088.70,103.74K
01/05/2021,57807.10,57719.10,58449.40,57029.50,63.41K
02/05/2021,56603.80,57807.20,57868.40,56110.50,53.61K
03/05/2021,57169.80,56605.80,58925.10,56562.40,89.24K
04/05/2021,53741.50,57170.60,57201.30,53741.50,132.33K
05/05/2021,57441.30,53872.50,57936.40,53872.50,119.82K
06/05/2021,56405.40,57441.00,58364.90,55294.50,109.02K
07/05/2021,57337.20,56411.40,58639.30,55300.10,110.01K
08/05/2021,58840.10,57330.30,59471.10,56972.20,101.27K
09/05/2021,58238.30,58840.60,59227.00,56414.40,103.59K
10/05/2021,55848.90,58251.20,59523.90,53678.30,142.61K
11/05/2021,56695.70,55846.10,56871.10,54550.40,96.47K
12/05/2021,49384.20,56694.50,57938.50,49187.00,160.74K
13/05/2021,49704.60,49398.20,51337.30,46331.10,236.71K
14/05/2021,49839.80,49704.90,51459.20,48874.00,118.84K
15/05/2021,46708.80,49839.10,50640.90,46650.20,131.91K
16/05/2021,46426.40,46729.30,49764.30,43920.80,180.07K
17/05/2021,43541.30,46424.20,46545.40,42201.50,274.76K
18/05/2021,42897.30,43538.50,45770.90,42293.90,154.96K
19/05/2021,36720.50,42898.30,43516.60,30261.70,607.10K
20/05/2021,40717.20,36706.80,42425.90,35010.40,269.75K
21/05/2021,37297.40,40611.20,42108.30,33592.30,315.50K
22/05/2021,37448.30,37291.00,38776.00,35314.90,185.83K
23/05/2021,34679.70,37446.80,38248.70,31192.40,325.73K
24/05/2021,38750.60,34720.30,39851.70,34474.60,244.88K
25/05/2021,38378.30,38753.60,39740.80,36540.70,163.01K
26/05/2021,39249.20,38375.70,40750.00,37847.00,153.80K
27/05/2021,38417.30,39249.00,40322.20,37190.80,122.93K
28/05/2021,35662.50,38543.20,38844.10,34772.40,199.58K
29/05/2021,34584.60,35664.50,37227.10,33664.20,160.43K
30/05/2021,35652.80,34589.30,36388.60,33441.00,104.18K
31/05/2021,37298.60,35644.00,37480.70,34213.20,131.70K
01/06/2021,36687.60,37294.30,37850.30,35742.70,113.48K
02/06/2021,37555.80,36687.70,38199.90,35981.10,96.89K
03/06/2021,39187.30,37555.70,39462.30,37193.60,106.44K
04/06/2021,36851.30,39191.40,39255.40,35659.90,127.71K
05/06/2021,35520.00,36841.20,37887.60,34832.00,101.48K
06/06/2021,35815.40,35518.70,36434.00,35265.30,62.20K
07/06/2021,33578.00,35815.40,36754.60,33410.10,119.50K
08/06/2021,33382.90,33574.60,34047.80,31158.10,193.54K
09/06/2021,37332.20,33385.50,37517.60,32428.60,209.82K
10/06/2021,36649.40,37375.20,38340.80,35824.00,154.32K
11/06/2021,37314.60,36654.30,37641.10,36003.30,109.15K
12/06/2021,35467.50,37334.40,37437.30,34703.30,87.73K
13/06/2021,39022.90,35467.50,39321.60,34827.00,123.32K
14/06/2021,40529.40,39024.10,40970.40,38769.90,157.35K
15/06/2021,40156.10,40522.50,41318.00,39589.90,117.55K
16/06/2021,38336.00,40148.10,40494.40,38156.40,123.52K
17/06/2021,38052.00,38337.80,39529.90,37425.30,109.58K
18/06/2021,35749.40,38045.50,38166.00,35198.50,102.84K
19/06/2021,35513.40,35770.00,36357.30,34845.50,105.46K
20/06/2021,35595.80,35510.90,36097.90,33378.00,137.48K
21/06/2021,31692.00,35597.90,35708.40,31284.10,256.87K
22/06/2021,32496.40,31682.70,33272.50,28901.80,309.65K
23/06/2021,33674.30,32498.30,34784.30,31736.50,173.34K
24/06/2021,34665.80,33678.10,35249.90,32356.70,119.25K
25/06/2021,31594.00,34660.50,35490.90,31337.90,193.43K
26/06/2021,32243.40,31592.10,32643.00,30206.90,156.67K
27/06/2021,34678.50,32247.10,34685.50,32041.70,148.80K
28/06/2021,34475.90,34682.20,35231.20,33944.90,112.00K
29/06/2021,35834.70,34477.30,36590.30,34247.60,97.27K
30/06/2021,35026.90,35832.60,36089.50,34126.60,107.07K
01/07/2021,33543.60,35030.70,35032.70,32839.20,27.41K
02/07/2021,33813.40,33542.20,33925.90,32734.60,78.93K
03/07/2021,34742.80,33814.20,34909.80,33363.30,55.69K
04/07/2021,35298.20,34742.80,35957.60,34740.10,56.13K
05/07/2021,33687.80,35297.00,35300.50,33164.10,88.36K
06/07/2021,34225.60,33688.50,35062.00,33581.70,83.63K
07/07/2021,33867.80,34228.70,35036.60,33801.30,72.03K
08/07/2021,32866.30,33859.40,33923.20,32146.90,108.09K
09/07/2021,33797.40,32866.30,34079.20,32367.00,67.14K
10/07/2021,33510.60,33797.70,34221.00,33056.80,50.94K
11/07/2021,34227.70,33510.80,34580.60,33319.80,35.72K
12/07/2021,33113.00,34228.30,34598.00,32662.80,63.24K
13/07/2021,32728.10,33106.10,33307.70,32259.50,60.04K
14/07/2021,32820.70,32727.80,33051.90,31611.20,69.56K
15/07/2021,31840.50,32820.50,33157.00,31175.80,76.95K
16/07/2021,31394.00,31842.30,32239.80,31062.20,70.48K
17/07/2021,31518.60,31384.40,31914.80,31207.80,58.06K
18/07/2021,31785.40,31517.90,32408.20,31220.60,57.01K
19/07/2021,30837.20,31782.90,31887.00,30478.20,77.48K
20/07/2021,29793.80,30835.40,31040.80,29310.20,97.46K
21/07/2021,32131.40,29794.70,32794.60,29519.30,118.34K
22/07/2021,32298.90,32131.70,32585.40,31729.40,64.87K
23/07/2021,33603.30,32297.90,33605.60,32041.10,66.15K
24/07/2021,33824.80,33600.50,33955.00,33412.90,67.14K
25/07/2021,35391.10,34392.50,35391.10,33881.30,65.10K
26/07/2021,37276.60,35392.30,40522.90,35236.70,177.63K
27/07/2021,39452.00,37294.30,39455.90,36427.40,100.24K
28/07/2021,40003.20,39450.40,40862.20,38883.80,148.92K
29/07/2021,40001.40,40009.00,40630.70,39340.80,75.30K
30/07/2021,42203.40,40001.10,42264.40,38358.40,98.45K
31/07/2021,41553.70,42201.40,42285.30,41066.40,44.65K
01/08/2021,39878.30,41510.00,42565.00,39556.50,80.33K
02/08/2021,39168.40,39869.80,40449.00,38692.50,74.81K
03/08/2021,38130.30,39167.40,39766.60,37688.20,0.26K
04/08/2021,39736.90,38188.40,39956.50,37556.00,79.22K
05/08/2021,40867.20,39734.40,41366.30,37365.40,130.60K
06/08/2021,42795.40,40868.40,43253.40,39905.40,111.93K
07/08/2021,44614.20,42784.70,44697.30,42611.00,112.84K
08/08/2021,43792.80,44584.90,45284.10,43314.40,105.25K
09/08/2021,46284.30,43794.90,46460.70,42824.10,117.08K
10/08/2021,45593.80,46281.80,46663.40,44681.20,80.55K
11/08/2021,45564.30,45593.20,46736.50,45367.90,75.43K
12/08/2021,44403.40,45562.30,46213.80,43814.70,81.07K
13/08/2021,47809.10,44404.00,47836.00,44242.40,75.27K
14/08/2021,47081.50,47809.60,48090.90,46117.20,64.29K
15/08/2021,46991.30,47082.60,47344.10,45564.10,58.11K
16/08/2021,45996.30,46991.60,48002.40,45672.10,2.41K
17/08/2021,44691.60,45907.50,47140.60,44441.30,84.14K
18/08/2021,44723.80,44691.10,46004.90,44230.00,22.36K
19/08/2021,46755.90,44725.90,47012.30,43986.70,77.92K
20/08/2021,49324.00,46756.70,49343.30,46646.80,83.19K
21/08/2021,48875.80,49330.00,49719.10,48293.50,18.20K
22/08/2021,49254.50,48870.40,49480.30,48151.00,49.32K
23/08/2021,49539.70,49255.40,50498.80,49038.60,75.37K
24/08/2021,47714.70,49532.50,49847.40,47623.60,74.26K
25/08/2021,48994.50,47707.40,49230.20,47163.30,63.54K
26/08/2021,46831.60,48994.40,49347.80,46360.40,73.79K
27/08/2021,49064.30,46830.20,49142.00,46371.50,62.47K
28/08/2021,48897.10,49062.80,49289.40,48428.50,36.73K
29/08/2021,48777.40,48899.70,49621.70,47870.10,47.62K
30/08/2021,46992.70,48777.10,48886.00,46876.90,61.68K
31/08/2021,47130.40,46989.10,48217.00,46709.30,71.48K
01/09/2021,48819.40,47129.20,49121.00,46533.10,74.38K
02/09/2021,49274.30,48817.80,50355.30,48612.90,80.21K
03/09/2021,49999.00,49269.50,51008.80,48377.30,88.08K
04/09/2021,49918.40,49999.30,50534.60,49461.40,48.14K
05/09/2021,51768.60,49918.70,51878.20,49492.40,57.30K
06/09/2021,52672.10,51769.40,52726.20,51002.80,69.46K
07/09/2021,46779.60,52674.20,52885.30,43072.40,187.56K
08/09/2021,46061.40,46774.10,47316.90,44493.70,100.48K
09/09/2021,46385.60,46057.60,47305.70,45609.00,73.63K
10/09/2021,44842.80,46385.90,47021.60,44283.60,75.62K
11/09/2021,45161.90,44844.90,45975.60,44766.60,41.58K
12/09/2021,46062.30,45162.60,46386.40,44755.20,44.52K
13/09/2021,44949.50,46060.80,46807.70,43463.20,96.15K
14/09/2021,47077.50,44950.20,47247.60,44718.70,65.33K
15/09/2021,48130.60,47070.80,48436.50,46743.90,63.40K
16/09/2021,47748.00,48132.30,48480.60,47040.30,60.91K
17/09/2021,47282.80,47748.20,48155.90,46788.80,50.16K
18/09/2021,48306.70,47283.90,48761.00,47070.50,43.64K
19/09/2021,47238.70,48299.90,48341.90,46866.60,41.98K
20/09/2021,42870.60,47240.80,47323.90,42547.10,77.96K
21/09/2021,40651.30,43012.30,43619.30,39646.80,142.55K
22/09/2021,43551.60,40660.80,43976.70,40585.70,93.98K
23/09/2021,44869.20,43550.70,44949.80,43090.10,74.54K
24/09/2021,42819.90,44867.40,45112.00,40908.50,128.88K
25/09/2021,42686.80,42818.70,42959.30,41714.50,46.35K
26/09/2021,43203.40,42685.80,43907.30,40786.60,69.91K
27/09/2021,42172.60,43200.90,44293.20,42143.90,54.12K
28/09/2021,41022.30,42169.90,42758.80,40906.40,60.01K
29/09/2021,41536.80,41023.10,42571.20,40815.00,48.21K
30/09/2021,43823.30,41534.50,44101.20,41416.70,64.32K
01/10/2021,48146.00,43824.40,48435.20,43292.90,94.66K
02/10/2021,47666.90,48147.20,48306.90,47451.70,39.82K
03/10/2021,48200.10,47665.40,49165.20,47123.00,42.41K
04/10/2021,49227.30,48200.40,49481.70,46958.60,66.92K
05/10/2021,51469.30,49229.50,51872.40,49060.10,76.63K
06/10/2021,55323.20,51470.00,55676.10,50439.50,116.26K
07/10/2021,53783.90,55325.20,55325.60,53476.40,75.68K
08/10/2021,53914.70,53785.50,55977.90,53659.30,64.05K
09/10/2021,54942.50,53924.10,55430.80,53711.70,64.65K
10/10/2021,54687.70,54942.50,56432.20,54100.80,104.43K
11/10/2021,57477.30,54686.90,57814.10,54457.80,73.84K
12/10/2021,56015.90,57480.60,57635.70,54155.40,74.85K
13/10/2021,57380.10,56014.50,57697.40,54314.40,73.62K
14/10/2021,57345.80,57370.40,58506.50,56866.80,59.84K
15/10/2021,61672.50,57348.20,62892.80,56874.80,121.48K
16/10/2021,60861.10,61669.20,62329.20,60161.90,49.93K
17/10/2021,61527.50,60865.50,61651.40,59143.40,53.39K
18/10/2021,62056.30,61525.80,62623.60,60026.90,80.15K
19/10/2021,64278.50,62030.20,64454.00,61451.00,80.16K
20/10/2021,65979.10,64276.90,66967.10,63543.70,79.87K
21/10/2021,62210.20,66004.60,66616.90,62092.10,105.38K
22/10/2021,60690.30,62200.80,63699.70,60055.70,75.69K
23/10/2021,61312.50,60693.20,61728.70,59738.30,37.05K
24/10/2021,60866.50,61308.20,61469.90,59523.70,42.67K
25/10/2021,63067.00,60864.30,63694.80,60655.80,51.06K
26/10/2021,60310.80,63067.50,63275.10,59907.30,57.13K
27/10/2021,58438.10,60312.50,61452.90,58112.60,88.11K
28/10/2021,60582.50,58437.20,62251.30,58128.10,88.47K
29/10/2021,62242.80,60579.90,62952.20,60322.20,63.39K
30/10/2021,61840.10,62245.00,62338.50,60786.00,40.51K
31/10/2021,61309.60,61842.20,62393.70,60005.70,50.06K
01/11/2021,60915.30,61310.10,62430.10,59612.70,61.21K
02/11/2021,63221.70,60912.20,64256.40,60651.50,65.26K
03/11/2021,62918.50,63223.50,63508.60,60883.00,61.05K
04/11/2021,61412.60,62915.40,63077.60,60742.90,49.91K
05/11/2021,60974.30,61411.50,62560.30,60742.40,44.46K
06/11/2021,61483.90,60973.20,61543.20,60093.60,34.89K
07/11/2021,63273.20,61483.80,63273.20,61347.20,34.34K
08/11/2021,67527.90,63276.40,67763.30,63276.40,81.08K
09/11/2021,66904.40,67528.70,68493.30,66334.90,66.13K
10/11/2021,64932.60,66942.60,68990.60,62951.30,96.21K
11/11/2021,64806.70,64922.80,65583.30,64121.90,50.37K
12/11/2021,64134.50,64782.60,65449.70,62309.70,63.27K
13/11/2021,64398.60,64133.30,64906.00,63381.40,30.34K
14/11/2021,65508.20,64397.20,65508.20,63608.30,33.98K
15/11/2021,63597.90,65514.90,66311.20,63439.50,53.53K
16/11/2021,60089.10,63605.10,63605.60,58655.90,115.36K
17/11/2021,60367.80,60074.20,60814.50,58531.90,73.93K
18/11/2021,56955.30,60368.20,60936.90,56524.40,100.37K
19/11/2021,58083.40,56908.30,58335.90,55626.30,74.44K
20/11/2021,59717.60,58080.80,59854.60,57435.30,44.53K
21/11/2021,58714.30,59724.00,60002.60,58528.30,40.98K
22/11/2021,56308.80,58719.70,59288.30,55656.80,76.45K
23/11/2021,57573.20,56304.80,57855.10,55542.50,72.48K
24/11/2021,57171.70,57559.40,57697.40,55910.60,56.68K
25/11/2021,58935.10,57167.10,59387.30,57029.80,56.79K
26/11/2021,53730.90,58937.30,59151.10,53533.50,104.03K
27/11/2021,54765.90,53747.20,55280.30,53654.30,40.71K
28/11/2021,57291.50,54758.00,57392.30,53448.30,49.28K
29/11/2021,57794.80,57288.10,58855.20,56726.70,58.65K
30/11/2021,56882.90,57795.20,59174.40,55936.90,73.66K
01/12/2021,57210.30,56891.70,59064.30,56496.50,66.75K
02/12/2021,56496.00,57207.80,57377.50,55807.90,54.94K
03/12/2021,53631.50,56495.20,57543.60,52008.90,89.20K
04/12/2021,49195.20,53620.70,53847.20,42587.80,168.00K
05/12/2021,49405.50,49196.40,49689.30,47797.80,72.03K
06/12/2021,50562.10,49412.10,50913.30,47237.90,89.68K
07/12/2021,50595.20,50547.40,51918.60,50070.90,56.29K
08/12/2021,50473.90,50596.60,51204.70,48700.70,55.59K
09/12/2021,47596.60,50477.60,50790.20,47341.90,58.69K
10/12/2021,47137.20,47591.70,49974.80,47007.10,68.06K
11/12/2021,49314.50,47138.40,49487.00,46834.00,45.23K
12/12/2021,50081.00,49332.50,50779.20,48670.50,40.30K
13/12/2021,46703.60,50075.90,50196.10,45848.20,80.37K
14/12/2021,48366.50,46709.80,48635.00,46338.30,62.54K
15/12/2021,48871.50,48366.20,49477.90,46572.60,80.28K
16/12/2021,47628.20,48876.60,49387.80,47543.90,48.20K
17/12/2021,46172.20,47630.40,47997.20,45523.80,67.50K
18/12/2021,46856.20,46171.80,47330.20,45513.40,36.93K
19/12/2021,46704.50,46855.70,48270.20,46438.40,44.05K
20/12/2021,46895.20,46703.40,47488.90,45577.30,57.53K
21/12/2021,48902.00,46900.10,49306.10,46654.00,57.88K
22/12/2021,48599.70,48898.70,49540.30,48449.70,40.89K
23/12/2021,50801.00,48599.60,51355.60,48053.40,56.24K
24/12/2021,50786.10,50807.40,51795.30,50428.40,45.97K
25/12/2021,50406.40,50789.60,51140.20,50196.80,26.67K
26/12/2021,50779.90,50404.00,51247.00,49527.00,32.34K
27/12/2021,50678.20,50783.60,52016.30,50459.00,43.90K
28/12/2021,47545.20,50703.40,50703.80,47345.70,74.39K
29/12/2021,46461.70,47548.40,48121.70,46127.80,63.92K
30/12/2021,47123.30,46470.70,47901.40,46003.00,60.96K
31/12/2021,46219.50,47123.30,48553.90,45693.60,58.18K
01/01/2022,47738.00,46217.50,47917.60,46217.50,31.24K
02/01/2022,47311.80,47738.70,47944.90,46718.20,27.02K
03/01/2022,46430.20,47293.90,47556.00,45704.00,41.06K
04/01/2022,45837.30,46435.70,47505.40,45602.10,55.59K
05/01/2022,43425.90,45833.10,47019.40,42535.10,83.74K
06/01/2022,43097.50,43431.60,43772.30,42481.10,63.08K
07/01/2022,41546.70,43097.90,43127.70,40810.00,88.36K
08/01/2022,41672.00,41551.30,42304.40,40574.30,52.54K
09/01/2022,41848.30,41681.20,42764.40,41260.90,37.51K
10/01/2022,41832.20,41848.90,42243.80,39697.00,85.50K
11/01/2022,42733.20,41829.10,43090.20,41287.60,61.78K
12/01/2022,43901.00,42735.00,44243.60,42476.70,53.95K
13/01/2022,42560.00,43900.00,44404.70,42337.50,53.42K
14/01/2022,43073.30,42562.20,43435.10,41848.70,50.50K
15/01/2022,43097.00,43073.60,43777.90,42586.10,31.44K
16/01/2022,43079.10,43079.20,43462.00,42643.30,28.66K
17/01/2022,42209.30,43080.50,43179.60,41559.40,41.44K
18/01/2022,42364.60,42209.90,42674.20,41300.70,47.32K
19/01/2022,41677.80,42365.30,42558.00,41160.90,53.77K
20/01/2022,40715.90,41683.60,43487.10,40568.30,65.28K
21/01/2022,36475.50,40698.10,41104.60,35503.90,155.80K
22/01/2022,35075.20,36467.70,36749.80,34116.00,138.09K
23/01/2022,36269.50,35072.90,36513.00,34655.20,70.43K
24/01/2022,36686.30,36268.60,37424.00,32985.60,153.77K
25/01/2022,36950.60,36691.30,37501.80,35729.30,79.68K
26/01/2022,36800.40,36962.30,38862.60,36280.00,107.87K
27/01/2022,37164.30,36800.10,37215.40,35543.20,83.52K
28/01/2022,37745.10,37195.60,37995.90,36176.50,69.45K
29/01/2022,38170.80,37736.50,38663.70,37350.20,42.77K
30/01/2022,37917.70,38167.50,38313.30,37390.60,34.10K
31/01/2022,38498.60,37923.80,38701.40,36672.80,61.27K
01/02/2022,38709.70,38475.60,39230.00,38037.90,55.20K
02/02/2022,36890.20,38711.20,38853.80,36682.30,53.74K
03/02/2022,37287.80,36890.20,37304.30,36297.30,50.35K
04/02/2022,41567.60,37287.80,41689.00,37041.10,95.49K
05/02/2022,41412.10,41566.50,41899.80,40963.30,46.32K
06/02/2022,42392.20,41411.90,42614.80,41176.30,31.20K
07/02/2022,43833.90,42385.20,44468.30,41695.40,76.60K
08/02/2022,44038.20,43833.90,45399.80,42705.00,92.88K
09/02/2022,44388.90,44038.20,44800.40,43163.00,50.92K
10/02/2022,43521.00,44388.90,45755.20,43242.50,89.69K
11/02/2022,42388.40,43519.30,43915.10,42023.40,69.95K
12/02/2022,42205.20,42388.40,43006.40,41776.80,37.88K
13/02/2022,42061.10,42205.50,42725.10,41880.10,25.88K
14/02/2022,42550.30,42061.10,42799.70,41591.30,53.60K
15/02/2022,44544.40,42550.30,44722.60,42460.10,56.34K
16/02/2022,43883.60,44540.90,44552.90,43377.60,41.40K
17/02/2022,40552.80,43885.50,44167.10,40103.80,72.63K
18/02/2022,40000.10,40532.50,40935.50,39505.00,64.96K
19/02/2022,40090.30,40000.10,40434.30,39666.60,25.78K
20/02/2022,38355.00,40089.60,40120.30,38042.20,47.92K
21/02/2022,37017.70,38355.00,39444.10,36868.90,91.82K
22/02/2022,38248.20,37018.30,38414.90,36399.60,82.75K
23/02/2022,37224.60,38248.20,39194.50,37099.50,64.84K
24/02/2022,38339.20,37250.20,39351.60,34357.40,180.47K
25/02/2022,39209.60,38339.20,39683.70,38042.60,83.78K
26/02/2022,39115.50,39221.60,40094.50,38639.10,41.55K
27/02/2022,37689.10,39116.60,39838.50,37062.30,66.14K
28/02/2022,43188.20,37707.20,43977.80,37458.90,108.07K
01/03/2022,44420.30,43187.20,44900.50,42876.60,90.67K
02/03/2022,43912.80,44420.30,45294.20,43361.30,80.82K
03/03/2022,42463.00,43912.80,44077.20,41840.80,74.11K
04/03/2022,39142.70,42463.00,42848.70,38594.90,3.21B
05/03/2022,39395.80,39142.80,39600.20,38626.10,1.50B
06/03/2022,38403.10,39396.30,39668.10,38115.00,1.93B
07/03/2022,38024.80,38420.60,39532.00,37182.10,3.02B
08/03/2022,38744.80,38020.60,39351.50,37886.60,2.67B
09/03/2022,41929.00,38731.50,42538.50,38663.30,3.60B
10/03/2022,39416.30,41933.90,42029.10,38603.50,3.62B
11/03/2022,38730.20,39422.50,40177.00,38236.40,2.79B
12/03/2022,38814.30,38730.20,39355.30,38666.50,1.11B
13/03/2022,37792.40,38813.20,39272.30,37603.40,1.55B
14/03/2022,39671.10,37789.50,39914.30,37613.60,2.33B
15/03/2022,39285.70,39673.00,39854.70,38220.90,2.25B
16/03/2022,41118.70,39282.50,41701.60,38953.20,4.47B
17/03/2022,40914.80,41118.70,41406.00,40557.80,1.90B
18/03/2022,41767.80,40914.60,42308.40,40234.80,2.31B
19/03/2022,42233.00,41768.00,42386.00,41529.60,224.59M
20/03/2022,41276.00,42241.00,42301.00,40922.00,308.45M
21/03/2022,41022.00,41282.00,41532.00,40530.00,406.62M
22/03/2022,42373.00,41022.00,43327.90,40893.00,537.06M
23/03/2022,42912.00,42373.00,43027.00,41795.00,433.96M
24/03/2022,44013.00,42911.00,44251.00,42658.00,491.66M
25/03/2022,44331.00,44013.00,45112.00,43622.00,494.09M
26/03/2022,44548.00,44331.00,44818.00,44090.00,196.30M
27/03/2022,46859.00,44542.00,46947.00,44445.00,388.79M
28/03/2022,47105.00,46859.00,48199.00,46672.00,610.27M
29/03/2022,47449.00,47126.00,48127.00,47029.00,478.82M
30/03/2022,47075.00,47449.00,47714.00,46601.00,467.76M
31/03/2022,45525.00,47071.00,47624.00,45228.00,520.00M
01/04/2022,46297.00,45529.00,46728.00,44261.00,632.93M
02/04/2022,45811.00,46299.00,47212.00,45641.00,345.93M
03/04/2022,46407.00,45813.00,47435.00,45554.00,398.86M
04/04/2022,46629.00,46407.00,46899.00,45152.00,446.12M
05/04/2022,45506.00,46614.00,47201.00,45388.00,421.11M
06/04/2022,43173.00,45494.00,45519.00,43122.00,649.52M
07/04/2022,43448.00,43166.00,43893.00,42747.00,390.85M
08/04/2022,42275.00,43450.00,43979.00,42113.00,467.83M
09/04/2022,42767.00,42275.00,42809.00,42129.00,165.16M
10/04/2022,42138.00,42760.00,43421.00,41884.00,255.83M
11/04/2022,39497.00,42144.00,42418.00,39202.00,608.38M
12/04/2022,40078.00,39507.00,40678.00,39265.00,468.27M
13/04/2022,41133.00,40072.00,41515.00,39581.00,406.70M
14/04/2022,39936.00,41133.00,41494.00,39585.00,294.29M
15/04/2022,40560.00,39936.00,40850.00,39781.00,233.09M
16/04/2022,40382.00,40571.00,40691.00,40003.00,151.31M
17/04/2022,39703.00,40382.00,40599.00,39561.00,210.01M
18/04/2022,40803.00,39700.00,41095.00,38577.00,484.26M
19/04/2022,41503.00,40809.00,41746.00,40585.00,268.28M
20/04/2022,41368.00,41499.00,42203.00,40915.00,382.84M
21/04/2022,40482.00,41370.00,42969.00,39793.00,493.05M
22/04/2022,39709.00,40487.00,40792.00,39200.00,421.30M
23/04/2022,39418.00,39709.00,39973.00,39291.00,190.60M
24/04/2022,39464.00,39434.00,39929.00,39033.00,283.63M
25/04/2022,40427.00,39464.00,40599.00,38233.00,654.60M
26/04/2022,38113.00,40443.00,40770.00,37708.00,681.47M
27/04/2022,39243.00,38113.00,39447.00,37869.00,426.83M
28/04/2022,39748.00,39243.00,40382.00,38888.00,542.39M
29/04/2022,38581.00,39748.00,39919.00,38175.00,382.90M
30/04/2022,37650.00,38590.00,38776.00,37596.00,248.22M
01/05/2022,38461.00,37642.00,38676.00,37397.00,276.99M
02/05/2022,38514.00,38472.00,39134.00,38061.00,580.79M
03/05/2022,37718.00,38515.00,38647.00,37513.00,367.21M
04/05/2022,39688.00,37717.00,40021.00,37660.00,691.49M
05/05/2022,36544.00,39686.00,39833.00,36183.00,1.04B
06/05/2022,36009.00,36540.00,36646.00,35267.00,752.84M
07/05/2022,35468.00,36003.00,36119.00,34773.00,288.86M
08/05/2022,34060.00,35468.00,35497.00,33727.00,671.05M
09/05/2022,30095.00,34041.00,34227.00,30095.00,268.09K
10/05/2022,31007.50,30098.20,32621.20,29831.00,235.61K
11/05/2022,29068.20,31008.00,32113.60,27835.50,296.90K
12/05/2022,28976.00,29073.40,30136.70,26500.50,309.48K
13/05/2022,29284.40,28994.30,31002.70,28755.00,141.23K
14/05/2022,30080.40,29285.20,30277.40,28666.70,70.46K
15/05/2022,31308.70,30078.60,31383.80,29499.40,65.44K
16/05/2022,29849.00,31308.30,31312.40,29135.80,100.25K
17/05/2022,30437.50,29856.70,30720.10,29484.50,79.63K
18/05/2022,28683.70,30437.50,30687.90,28648.10,92.03K
19/05/2022,30305.90,28700.40,30525.10,28682.10,101.38K
20/05/2022,29178.60,30305.90,30735.10,28738.50,98.78K
21/05/2022,29434.60,29188.70,29623.20,28953.90,32.27K
22/05/2022,30286.60,29433.00,30462.00,29260.10,50.60K
23/05/2022,29093.30,30287.30,30644.80,28913.60,92.10K
24/05/2022,29648.70,29091.60,29810.80,28706.10,79.42K
25/05/2022,29540.60,29648.70,30202.30,29353.50,78.85K
26/05/2022,29203.50,29537.90,29868.90,28077.90,126.71K
27/05/2022,28601.20,29194.00,29377.10,28282.20,116.41K
28/05/2022,29027.10,28620.10,29194.40,28537.20,43.87K
29/05/2022,29465.20,29027.10,29556.50,28838.70,36.87K
30/05/2022,31723.30,29465.20,32185.60,29307.20,129.56K
31/05/2022,31793.40,31730.20,32377.50,31221.20,86.60K
01/06/2022,29798.50,31793.10,31969.90,29396.60,135.09K
02/06/2022,30455.50,29798.60,30638.50,29604.40,81.40K
03/06/2022,29700.90,30455.70,30674.80,29330.80,72.13K
04/06/2022,29864.30,29700.90,29963.80,29489.50,33.51K
05/06/2022,29913.00,29865.10,30166.90,29539.00,30.33K
06/06/2022,31367.60,29911.20,31753.40,29888.60,94.01K
07/06/2022,31128.80,31370.30,31556.60,29235.00,140.32K
08/06/2022,30201.60,31127.20,31312.10,29874.80,87.96K
09/06/2022,30097.80,30202.10,30691.40,29953.80,61.72K
10/06/2022,29083.30,30097.40,30325.60,28884.90,104.26K
11/06/2022,28403.40,29083.30,29426.60,28161.80,82.92K
12/06/2022,26606.30,28404.00,28534.80,26606.30,120.02K
13/06/2022,22448.00,26606.30,26857.60,22006.30,379.26K
14/06/2022,22157.30,22449.10,23200.30,20860.90,251.01K
15/06/2022,22577.90,22137.50,22754.40,20125.80,280.41K
16/06/2022,20386.60,22577.90,22942.10,20231.10,144.00K
17/06/2022,20444.60,20391.30,21315.40,20244.10,136.27K
18/06/2022,18986.50,20446.40,20744.70,17630.50,267.25K
19/06/2022,20577.20,18983.40,20763.50,17983.70,169.39K
20/06/2022,20572.30,20576.90,20996.80,19658.80,140.60K
21/06/2022,20720.40,20571.60,21689.30,20371.70,136.32K
22/06/2022,19965.80,20720.20,20864.30,19780.20,125.94K
23/06/2022,21100.70,19967.30,21189.80,19907.50,110.70K
24/06/2022,21226.90,21100.90,21488.70,20743.90,104.56K
25/06/2022,21489.90,21226.90,21553.40,20917.50,66.63K
26/06/2022,21043.50,21489.90,21837.40,20989.70,67.21K
27/06/2022,20730.20,21037.70,21497.50,20568.00,84.69K
28/06/2022,20278.00,20727.90,21200.20,20210.50,83.83K
29/06/2022,20111.30,20278.00,20415.80,19880.70,98.97K
30/06/2022,19926.60,20111.30,20155.10,18682.70,127.73K
01/07/2022,19262.90,19926.60,20785.60,18980.10,150.18K
02/07/2022,19243.20,19275.40,19425.40,19006.40,58.57K
03/07/2022,19309.90,19243.40,19626.40,18794.40,65.27K
04/07/2022,20215.80,19310.60,20303.80,19052.50,92.79K
05/07/2022,20200.60,20215.80,20706.90,19315.40,122.43K
06/07/2022,20561.10,20180.40,20654.90,19785.30,105.24K
07/07/2022,21637.80,20557.90,21817.80,20282.70,115.81K
08/07/2022,21611.20,21637.10,22482.10,21207.00,439.90K
09/07/2022,21587.50,21610.40,21944.10,21338.40,190.11K
10/07/2022,20847.40,21587.40,21599.20,20689.70,204.68K
11/07/2022,19963.20,20847.20,20855.00,19897.00,160.20K
12/07/2022,19330.90,19963.20,20051.70,19279.60,167.91K
13/07/2022,20250.00,19331.60,20250.80,18942.20,249.38K
14/07/2022,20586.00,20250.00,20862.20,19664.90,205.28K
15/07/2022,20825.10,20586.10,21178.10,20393.40,164.67K
16/07/2022,21209.90,20825.20,21561.30,20484.40,136.89K
17/07/2022,20785.60,21209.80,21654.40,20755.20,132.81K
18/07/2022,22525.80,20785.60,22714.90,20770.60,279.72K
19/07/2022,23410.20,22529.30,23757.30,21581.80,308.91K
20/07/2022,23215.20,23412.00,24258.00,22944.40,281.31K
21/07/2022,23153.00,23219.90,23403.80,22360.20,217.08K
22/07/2022,22675.20,23150.00,23741.40,22524.20,197.54K
23/07/2022,22460.40,22683.60,22991.00,21971.70,137.42K
24/07/2022,22582.10,22449.80,22987.90,22281.30,126.66K
25/07/2022,21301.90,22582.30,22653.30,21275.40,206.93K
26/07/2022,21248.70,21301.60,21322.30,20737.30,201.57K
27/07/2022,22958.30,21248.00,23027.80,21047.50,242.66K
28/07/2022,23850.00,22957.70,24190.50,22611.60,268.32K
29/07/2022,23774.30,23850.20,24340.00,23451.40,221.66K
30/07/2022,23634.20,23774.20,24605.30,23521.80,168.72K
31/07/2022,23303.40,23634.20,24179.30,23236.20,138.84K
01/08/2022,23271.20,23303.40,23484.40,22863.80,162.33K
02/08/2022,22988.60,23271.10,23423.30,22670.80,177.30K
03/08/2022,22820.80,22988.70,23623.70,22698.60,174.66K
04/08/2022,22612.10,22822.20,23214.50,22438.70,181.19K
05/08/2022,23308.20,22613.30,23447.60,22593.50,208.90K
06/08/2022,22944.20,23308.20,23344.40,22923.60,94.44K
07/08/2022,23175.30,22944.20,23387.70,22852.30,99.36K
08/08/2022,23816.30,23175.30,24234.10,23160.60,197.94K
09/08/2022,23146.70,23818.10,23912.00,22886.50,169.62K
10/08/2022,23962.90,23150.30,24209.90,22714.70,243.61K
11/08/2022,23935.30,23963.30,24873.50,23864.00,285.36K
12/08/2022,24398.70,23935.30,24440.80,23616.40,194.96K
13/08/2022,24442.50,24398.90,24882.90,24318.70,170.59K
14/08/2022,24302.80,24442.10,24997.30,24172.20,177.25K
15/08/2022,24101.70,24303.30,25205.70,23784.50,279.28K
16/08/2022,23856.80,24102.60,24240.80,23693.80,201.70K
17/08/2022,23338.00,23855.80,24423.50,23191.60,239.53K
18/08/2022,23203.60,23337.70,23578.00,23131.30,160.97K
19/08/2022,20831.30,23201.60,23202.30,20807.80,339.47K
20/08/2022,21138.90,20830.70,21357.40,20784.80,206.94K
21/08/2022,21517.20,21138.90,21692.40,21077.40,177.52K
22/08/2022,21416.30,21516.80,21517.40,20912.10,251.83K
23/08/2022,21517.20,21416.50,21661.00,20919.60,228.65K
24/08/2022,21365.20,21516.20,21832.30,21171.10,202.40K
25/08/2022,21565.40,21365.40,21801.20,21324.80,190.15K
26/08/2022,20249.90,21564.20,21815.30,20122.40,322.16K
27/08/2022,20033.90,20249.90,20343.60,19849.80,187.34K
28/08/2022,19550.20,20034.20,20150.80,19542.90,159.60K
29/08/2022,20295.80,19551.30,20394.50,19551.20,248.04K
30/08/2022,19792.60,20295.60,20558.20,19559.70,308.41K
31/08/2022,20043.90,19793.40,20469.10,19793.40,318.17K
01/09/2022,20126.10,20049.90,20202.70,19584.40,275.08K
02/09/2022,19952.70,20131.60,20428.20,19764.70,272.22K
03/09/2022,19831.40,19952.80,20043.80,19660.70,157.85K
04/09/2022,19999.90,19832.20,20017.80,19594.70,158.27K
05/09/2022,19793.10,19999.90,20042.90,19650.70,238.71K
06/09/2022,18786.40,19793.40,20169.30,18723.30,402.43K
07/09/2022,19281.50,18786.30,19445.90,18548.40,319.10K
08/09/2022,19317.40,19281.50,19444.70,19034.50,291.43K
09/09/2022,21365.20,19318.80,21545.70,19294.10,480.37K
10/09/2022,21650.40,21363.80,21790.60,21139.90,331.12K
11/09/2022,21834.90,21650.40,21836.40,21363.00,297.12K
12/09/2022,22395.30,21836.60,22465.40,21581.60,431.98K
13/09/2022,20175.50,22395.30,22702.50,19909.60,485.32K
14/09/2022,20222.50,20175.50,20503.70,19654.20,374.22K
15/09/2022,19701.70,20222.30,20321.40,19532.30,358.42K
16/09/2022,19802.40,19701.90,19883.00,19352.90,315.59K
17/09/2022,20113.50,19802.80,20178.60,19761.00,204.58K
18/09/2022,19418.80,20113.90,20113.90,19347.70,273.11K
19/09/2022,19538.90,19417.40,19666.60,18277.80,423.43K
20/09/2022,18872.40,19538.90,19626.30,18742.60,361.18K
21/09/2022,18489.00,18875.10,19758.40,18191.80,446.85K
22/09/2022,19404.00,18488.10,19490.90,18371.00,448.63K
23/09/2022,19293.50,19404.10,19477.30,18554.80,431.15K
24/09/2022,18925.20,19288.40,19310.60,18812.00,258.50K
25/09/2022,18803.20,18925.10,19125.10,18659.60,209.71K
26/09/2022,19225.70,18803.10,19304.80,18695.20,516.03K
27/09/2022,19081.00,19228.80,20361.20,18850.40,660.12K
28/09/2022,19411.00,19083.40,19757.80,18505.30,581.19K
29/09/2022,19593.00,19420.20,19631.50,18877.90,449.57K
30/09/2022,19423.00,19593.40,20174.90,19208.90,490.29K
01/10/2022,19311.90,19422.90,19480.30,19172.60,173.91K
02/10/2022,19052.20,19311.90,19389.90,18937.30,222.82K
03/10/2022,19628.30,19057.60,19676.00,19001.30,333.03K
04/10/2022,20340.20,19629.70,20436.10,19506.40,368.17K
05/10/2022,20157.50,20340.50,20353.80,19761.70,352.76K
06/10/2022,19956.70,20157.50,20436.70,19873.70,370.60K
07/10/2022,19531.30,19962.40,20051.40,19352.10,263.50K
08/10/2022,19415.00,19530.20,19612.20,19274.70,113.50K
09/10/2022,19441.00,19416.30,19552.10,19329.60,127.53K
10/10/2022,19134.60,19441.70,19520.70,19057.00,243.77K
11/10/2022,19059.10,19134.30,19261.30,18868.70,288.57K
12/10/2022,19154.80,19058.50,19212.60,19010.60,242.18K
13/10/2022,19379.80,19154.60,19494.40,18207.90,455.13K
14/10/2022,19181.80,19379.80,19933.90,19098.60,400.45K
15/10/2022,19068.70,19181.70,19218.70,19000.80,123.66K
16/10/2022,19261.90,19068.80,19411.90,19066.00,140.95K
17/10/2022,19548.20,19262.20,19663.50,19163.60,248.40K
18/10/2022,19328.20,19548.40,19692.90,19102.80,290.07K
19/10/2022,19123.90,19328.20,19358.60,19101.20,209.28K
20/10/2022,19042.90,19125.10,19334.50,18935.60,253.20K
21/10/2022,19162.60,19042.90,19245.50,18703.30,294.66K
22/10/2022,19204.80,19162.60,19249.90,19116.10,118.24K
23/10/2022,19571.20,19204.80,19680.90,19092.50,180.63K
24/10/2022,19331.50,19571.20,19588.60,19177.20,286.94K
25/10/2022,20082.70,19331.80,20406.90,19249.00,371.54K
26/10/2022,20769.50,20086.80,20981.50,20062.90,427.99K
27/10/2022,20292.90,20769.50,20867.90,20231.60,365.49K
28/10/2022,20594.40,20293.00,20744.00,20058.20,318.90K
29/10/2022,20809.80,20594.20,21038.10,20561.90,276.54K
30/10/2022,20626.30,20809.40,20922.30,20522.50,207.63K
31/10/2022,20496.30,20626.00,20822.40,20260.00,327.47K
01/11/2022,20483.50,20496.10,20676.60,20348.10,302.72K
02/11/2022,20154.40,20482.90,20778.30,20065.80,420.23K
03/11/2022,20206.40,20154.00,20384.50,20066.60,347.23K
04/11/2022,21145.90,20206.40,21281.90,20184.60,499.50K
05/11/2022,21301.60,21145.70,21464.70,21084.10,261.23K
06/11/2022,20916.30,21298.70,21360.40,20901.00,242.26K
07/11/2022,20589.00,20916.30,21055.40,20410.50,414.24K
08/11/2022,18527.40,20589.00,20667.50,17260.00,865.10K
09/11/2022,15886.90,18538.90,18583.80,15603.30,869.57K
10/11/2022,17589.10,15887.00,18138.20,15799.30,720.74K
11/11/2022,17049.90,17589.10,17679.40,16435.50,466.35K
12/11/2022,16795.20,17049.90,17100.80,16633.90,192.91K
13/11/2022,16324.50,16803.90,16946.50,16274.90,210.80K
14/11/2022,16613.70,16325.00,17158.40,15834.00,442.46K
15/11/2022,16895.10,16615.00,17112.00,16543.90,337.15K
16/11/2022,16540.50,16895.40,16993.40,16408.20,295.73K
17/11/2022,16691.20,16540.50,16739.70,16425.80,257.00K
18/11/2022,16638.30,16715.40,16846.30,16553.00,241.96K
19/11/2022,16699.20,16652.20,16814.90,16608.90,114.89K
20/11/2022,16286.70,16699.30,16749.30,16209.20,172.83K
21/11/2022,15776.20,16278.60,16287.90,15504.20,372.15K
22/11/2022,16212.90,15776.60,16274.60,15620.40,287.21K
23/11/2022,16623.90,16216.90,16677.60,16162.30,305.08K
24/11/2022,16601.20,16604.90,16785.60,16472.00,229.59K
25/11/2022,16512.30,16600.60,16611.80,16360.90,204.07K
26/11/2022,16456.50,16512.30,16686.30,16387.90,194.94K
27/11/2022,16425.60,16456.40,16595.40,16414.60,173.25K
28/11/2022,16211.70,16426.10,16481.40,16013.50,284.84K
29/11/2022,16440.40,16211.90,16531.40,16100.10,271.58K
30/11/2022,17163.90,16440.80,17215.50,16433.20,348.22K
01/12/2022,16972.00,17163.40,17244.70,16868.90,266.14K
02/12/2022,17093.60,16972.20,17096.20,16799.90,227.01K
03/12/2022,16884.50,17093.40,17132.60,16862.10,169.29K
04/12/2022,17112.60,16884.80,17198.10,16881.60,197.12K
05/12/2022,16966.50,17106.90,17395.20,16886.90,268.72K
06/12/2022,17089.30,16966.30,17101.10,16914.90,246.19K
07/12/2022,16835.20,17089.40,17126.70,16715.30,244.36K
08/12/2022,17225.70,16835.20,17294.20,16765.80,261.64K
09/12/2022,17125.70,17225.60,17288.60,17082.10,260.84K
10/12/2022,17127.20,17125.70,17220.50,17105.70,148.81K
11/12/2022,17093.30,17127.00,17262.90,17080.60,167.20K
12/12/2022,17210.40,17093.20,17232.50,16878.50,249.39K
13/12/2022,17778.60,17210.90,17951.60,17094.50,328.71K
14/12/2022,17796.40,17778.60,18351.80,17682.10,318.98K
15/12/2022,17356.10,17796.40,17846.10,17298.20,263.44K
16/12/2022,16629.60,17356.70,17518.50,16542.40,303.56K
17/12/2022,16777.10,16629.00,16794.40,16587.00,164.49K
18/12/2022,16741.10,16777.00,16825.70,16666.50,124.29K
19/12/2022,16441.30,16741.10,16809.50,16331.20,207.93K
20/12/2022,16902.80,16441.30,17031.30,16400.70,284.57K
21/12/2022,16831.80,16902.70,16919.40,16735.00,174.34K
22/12/2022,16820.60,16831.80,16862.20,16566.10,198.28K
23/12/2022,16779.10,16820.50,16910.70,16768.00,184.12K
24/12/2022,16837.20,16778.60,16855.80,16777.80,110.12K
25/12/2022,16831.80,16835.70,16852.90,16733.00,132.89K
26/12/2022,16918.10,16831.80,16936.10,16799.40,133.36K
27/12/2022,16706.10,16918.20,16964.00,16610.10,192.18K
28/12/2022,16546.20,16705.90,16781.10,16474.20,217.96K
29/12/2022,16636.40,16546.20,16659.10,16496.60,181.47K
30/12/2022,16607.20,16636.40,16644.40,16360.00,192.76K
31/12/2022,16537.40,16607.20,16635.90,16487.30,130.44K
01/01/2023,16618.40,16537.50,16621.90,16499.70,107.84K
02/01/2023,16674.30,16618.40,16766.90,16551.00,136.03K
03/01/2023,16674.20,16673.10,16773.20,16607.20,178.73K
04/01/2023,16852.10,16674.20,16976.50,16656.50,247.39K
05/01/2023,16829.80,16852.20,16877.90,16772.30,178.96K
06/01/2023,16950.90,16829.80,17012.30,16707.60,233.47K
07/01/2023,16943.60,16950.90,16979.60,16909.70,110.48K
08/01/2023,17119.00,16943.60,17119.00,16913.80,144.84K
09/01/2023,17180.10,17119.00,17390.80,17107.10,301.24K
10/01/2023,17439.10,17180.10,17491.00,17151.70,247.14K
11/01/2023,17942.30,17440.50,17989.80,17323.90,291.53K
12/01/2023,18851.30,17941.00,19055.30,17915.50,522.01K
13/01/2023,19927.00,18850.80,19981.60,18723.80,426.67K
14/01/2023,20958.20,19926.90,21185.60,19898.60,458.21K
15/01/2023,20879.80,20956.00,21032.20,20585.70,205.80K
16/01/2023,21184.20,20880.10,21416.80,20698.90,337.46K
17/01/2023,21137.10,21184.40,21506.40,20926.20,310.04K
18/01/2023,20670.60,21137.10,21584.10,20448.30,388.67K
19/01/2023,21081.20,20670.60,21169.40,20669.70,275.76K
20/01/2023,22677.20,21074.90,22718.50,20879.30,373.74K
21/01/2023,22775.70,22677.50,23304.50,22461.10,382.69K
22/01/2023,22707.80,22775.70,23068.70,22323.00,280.64K
23/01/2023,22915.50,22709.00,23161.80,22527.90,327.85K
24/01/2023,22632.50,22916.30,23156.10,22517.10,334.17K
25/01/2023,23055.10,22632.50,23779.00,22366.30,388.18K
26/01/2023,23016.00,23055.20,23259.50,22869.00,320.97K
27/01/2023,23074.60,23016.00,23480.30,22602.90,310.36K
28/01/2023,23027.90,23074.60,23182.30,22889.80,156.96K
29/01/2023,23753.10,23023.50,23952.90,22973.30,320.86K
30/01/2023,22832.20,23746.00,23794.00,22560.00,339.62K
31/01/2023,23125.10,22832.20,23262.90,22724.90,289.38K
01/02/2023,23725.60,23124.70,23784.50,22809.60,333.18K
02/02/2023,23427.60,23726.20,24207.20,23398.10,382.86K
03/02/2023,23431.20,23429.10,23694.10,23233.80,349.36K
04/02/2023,23323.80,23431.20,23571.80,23269.80,170.27K
05/02/2023,22936.00,23326.90,23423.40,22766.50,217.26K
06/02/2023,22761.80,22936.00,23130.60,22633.70,278.58K
07/02/2023,23251.70,22761.80,23338.80,22748.20,318.98K
08/02/2023,22964.60,23251.70,23425.10,22691.70,289.12K
09/02/2023,21792.50,22964.60,23003.60,21744.60,425.44K
10/02/2023,21635.00,21792.50,21933.60,21491.70,352.79K
11/02/2023,21859.80,21627.40,21902.90,21605.30,182.07K
12/02/2023,21786.80,21859.90,22080.70,21653.10,211.65K
13/02/2023,21772.60,21782.70,21887.50,21418.70,312.04K
14/02/2023,22198.50,21776.90,22308.60,21556.20,378.39K
15/02/2023,24327.90,22198.50,24330.90,22050.80,401.53K
16/02/2023,23539.60,24328.10,25233.80,23525.90,484.50K
17/02/2023,24573.50,23538.20,24984.70,23373.00,523.85K
18/02/2023,24631.40,24573.50,24838.90,24457.00,223.77K
19/02/2023,24302.90,24631.30,25175.20,24273.70,312.64K
20/02/2023,24839.50,24302.80,25085.40,23868.60,363.02K
21/02/2023,24450.70,24839.50,25236.80,24160.80,395.97K
22/02/2023,24186.60,24450.70,24474.30,23593.40,400.24K
23/02/2023,23936.30,24186.60,24590.40,23637.90,417.46K
24/02/2023,23191.50,23936.40,24123.40,22970.30,367.99K
25/02/2023,23166.10,23191.30,23215.30,22777.40,198.35K
26/02/2023,23558.70,23166.10,23671.80,23066.00,209.12K
27/02/2023,23494.10,23558.70,23876.20,23166.80,297.65K
28/02/2023,23130.50,23494.00,23595.00,23033.80,275.10K
01/03/2023,23642.20,23130.60,23914.10,23025.30,328.77K
02/03/2023,23465.40,23642.20,23780.50,23208.70,249.26K
03/03/2023,22354.40,23465.60,23473.40,22051.90,344.63K
04/03/2023,22347.10,22354.70,22403.70,22167.40,123.93K
05/03/2023,22428.30,22347.10,22636.70,22213.50,160.57K
06/03/2023,22410.00,22428.20,22595.40,22320.10,215.31K
07/03/2023,22197.80,22410.10,22535.10,21968.60,304.75K
08/03/2023,21710.80,22197.80,22274.30,21661.30,316.51K
09/03/2023,20361.80,21710.80,21826.50,20079.60,468.76K
10/03/2023,20156.70,20362.00,20362.60,19591.80,655.27K
11/03/2023,20467.50,20156.50,20669.50,19796.70,453.46K
12/03/2023,21994.80,20465.00,22028.60,20294.20,455.69K
13/03/2023,24114.40,21994.80,24406.20,21859.60,733.63K
14/03/2023,24699.70,24121.50,26365.90,23994.60,753.06K
15/03/2023,24282.70,24699.60,25108.90,23932.40,614.31K
16/03/2023,25004.10,24283.20,25139.00,24147.90,462.58K
17/03/2023,27391.80,25004.40,27742.20,24900.10,674.96K
18/03/2023,26914.50,27391.90,27659.10,26688.70,392.47K
19/03/2023,27958.70,26914.50,28347.30,26844.60,393.27K
20/03/2023,27720.50,27958.90,28457.80,27157.00,503.90K
21/03/2023,28114.00,27719.80,28437.80,27350.60,438.78K
22/03/2023,27261.70,28114.20,28760.30,26668.70,262.03K
23/03/2023,28310.70,27262.80,28734.10,27144.60,158.46K
24/03/2023,27462.20,28306.90,28374.50,27026.50,110.36K
25/03/2023,27475.60,27462.20,27761.90,27176.70,61.36K
26/03/2023,27973.50,27474.90,28153.70,27429.10,60.64K
27/03/2023,27129.80,27974.80,28023.30,26611.50,107.24K
28/03/2023,27262.20,27127.80,27465.00,26665.60,94.16K
29/03/2023,28350.40,27262.90,28627.40,27249.80,109.32K
30/03/2023,28029.50,28350.30,29160.40,27716.70,122.51K
31/03/2023,28473.70,28029.30,28646.30,27587.50,98.44K
01/04/2023,28456.10,28473.70,28795.10,28285.60,38.09K
02/04/2023,28198.30,28456.10,28522.80,27871.70,45.04K
03/04/2023,27802.10,28194.70,28458.40,27256.90,98.00K
04/04/2023,28164.40,27802.20,28429.10,27668.90,64.06K
05/04/2023,28173.50,28164.40,28744.40,27823.50,77.32K
06/04/2023,28036.70,28173.50,28173.50,27734.50,51.29K
07/04/2023,27910.40,28037.60,28102.50,27779.40,30.94K
08/04/2023,27941.20,27910.40,28153.10,27863.80,23.73K
09/04/2023,28326.60,27941.20,28522.70,27809.20,39.35K
10/04/2023,29641.00,28326.50,29755.40,28182.90,85.73K
11/04/2023,30209.60,29641.00,30484.60,29597.80,89.38K
12/04/2023,29886.40,30209.80,30473.00,29679.50,78.69K
13/04/2023,30387.40,29892.40,30524.10,29864.50,65.87K
14/04/2023,30472.50,30387.40,30964.90,30026.00,98.38K
15/04/2023,30380.90,30472.60,30586.50,30302.30,56.01K
